,TIMESTAMP,RECORD,AWS Mph WVc,AWD Deg WVc,SIG Deg WVc,Gust Mph Max,AvgT Deg_F Avg,ABP InHg Avg,Ltemp Deg_F Max,Batt Vdc Min
0,2018-04-01 00:00:00,10018,8.55,317.7,14.4,17.16,35.0,29.52,37.31,13.62
1,2018-04-01 01:00:00,10019,8.58,322.8,11.13,15.19,33.89,29.52,35.43,13.61
2,2018-04-01 02:00:00,10020,7.969,320.6,13.2,13.97,32.95,29.53,34.2,13.59
3,2018-04-01 03:00:00,10021,7.887,313.2,13.23,13.76,31.87,29.54,33.09,13.59
4,2018-04-01 04:00:00,10022,8.08,321.7,16.15,16.56,30.63,29.55,31.71,13.59
5,2018-04-01 05:00:00,10023,8.47,319.9,14.23,15.86,29.3,29.56,30.22,13.61
6,2018-04-01 06:00:00,10024,8.89,326.6,14.41,15.37,27.47,29.58,28.76,13.61
7,2018-04-01 07:00:00,10025,7.825,321.2,15.67,13.69,27.04,29.6,27.57,13.61
8,2018-04-01 08:00:00,10026,7.811,313.8,16.05,14.98,27.44,29.61,28.68,13.61
9,2018-04-01 09:00:00,10027,5.156,344.1,29.73,10.53,28.84,29.61,37.16,13.61
10,2018-04-01 10:00:00,10028,5.28,54.12,38.97,11.06,30.49,29.62,42.26,13.59
11,2018-04-01 11:00:00,10029,5.882,78.73,25.18,11.06,31.37,29.63,47.02,13.62
12,2018-04-01 12:00:00,10030,5.871,67.19,24.31,10.53,32.71,29.62,48.66,13.62
13,2018-04-01 13:00:00,10031,7.904,74.43,17.49,13.09,32.38,29.6,48.1,13.62
14,2018-04-01 14:00:00,10032,6.652,80.6,18.28,11.83,32.03,29.58,44.33,13.62
15,2018-04-01 15:00:00,10033,6.469,79.36,19.47,11.09,33.15,29.55,42.3,13.62
16,2018-04-01 16:00:00,10034,5.544,86.1,19.4,10.08,33.25,29.51,41.33,13.6
17,2018-04-01 17:00:00,10035,4.169,87.5,20.89,7.555,33.71,29.5,39.58,13.62
18,2018-04-01 18:00:00,10036,3.475,310.1,76.89,10.01,34.25,29.49,38.08,13.62
19,2018-04-01 19:00:00,10037,6.846,259.6,16.43,11.27,33.77,29.49,36.58,13.62
20,2018-04-01 20:00:00,10038,6.741,269.3,13.45,11.55,32.73,29.5,35.24,13.59
21,2018-04-01 21:00:00,10039,5.901,277.9,9.65,9.48,31.47,29.5,33.21,13.61
22,2018-04-01 22:00:00,10040,6.039,274.8,9.38,9.94,30.74,29.5,30.99,13.61
23,2018-04-01 23:00:00,10041,5.877,266.1,11.07,10.08,29.61,29.49,29.53,13.61
24,2018-04-02 00:00:00,10042,5.285,263.5,11.41,9.8,28.4,29.48,28.45,13.61
25,2018-04-02 01:00:00,10043,5.461,244.8,12.69,8.68,27.25,29.49,27.3,13.61
26,2018-04-02 02:00:00,10044,4.967,251.6,13.19,8.05,26.43,29.48,26.37,13.61
27,2018-04-02 03:00:00,10045,5.465,269.1,13.23,9.1,25.79,29.48,25.48,13.61
28,2018-04-02 04:00:00,10046,4.25,276.4,13.47,6.678,25.3,29.47,24.79,13.61
29,2018-04-02 05:00:00,10047,4.537,241.2,15.82,7.765,25.19,29.48,24.01,13.61
30,2018-04-02 06:00:00,10048,2.718,205.8,23.27,6.678,24.21,29.47,23.81,13.6
31,2018-04-02 07:00:00,10049,2.987,191.3,16.57,4.926,25.27,29.48,24.55,13.59
32,2018-04-02 08:00:00,10050,2.489,267.8,51.07,5.277,27.68,29.48,27.53,13.61
33,2018-04-02 09:00:00,10051,4.653,84.3,29.92,8.89,32.36,29.49,39.08,13.61
34,2018-04-02 10:00:00,10052,6.781,76.97,18.63,10.95,34.27,29.49,47.42,13.62
35,2018-04-02 11:00:00,10053,7.911,69.48,17.95,13.23,36.04,29.46,52.03,13.62
36,2018-04-02 12:00:00,10054,7.541,57.46,25.0,13.27,37.59,29.44,54.65,13.62
37,2018-04-02 13:00:00,10055,5.674,67.43,31.29,11.83,40.14,29.42,56.76,13.62
38,2018-04-02 14:00:00,10056,6.903,79.73,20.49,15.34,40.79,29.39,56.55,13.6
39,2018-04-02 15:00:00,10057,8.14,73.71,18.99,16.95,40.37,29.34,54.89,13.62
40,2018-04-02 16:00:00,10058,8.74,77.86,16.83,15.51,39.34,29.3,54.44,13.62
41,2018-04-02 17:00:00,10059,7.355,77.86,15.87,14.32,38.57,29.3,48.18,13.62
42,2018-04-02 18:00:00,10060,6.533,79.52,15.65,12.04,38.97,29.3,45.59,13.62
43,2018-04-02 19:00:00,10061,5.596,76.87,18.73,13.9,38.86,29.27,43.55,13.6
44,2018-04-02 20:00:00,10062,5.015,148.6,21.26,10.85,42.2,29.27,43.0,13.62
45,2018-04-02 21:00:00,10063,5.447,133.2,18.61,10.64,42.12,29.25,43.43,13.62
46,2018-04-02 22:00:00,10064,6.082,127.1,20.29,13.65,41.72,29.23,43.47,13.62
47,2018-04-02 23:00:00,10065,4.8,108.0,27.43,11.34,41.88,29.22,43.63,13.62
48,2018-04-03 00:00:00,10066,4.307,87.4,17.81,9.24,40.96,29.2,43.43,13.62
49,2018-04-03 01:00:00,10067,4.548,88.2,21.25,9.38,40.86,29.18,42.89,13.62
50,2018-04-03 02:00:00,10068,5.283,88.7,18.06,9.69,40.34,29.14,42.65,13.6
51,2018-04-03 03:00:00,10069,4.32,108.6,27.35,10.43,40.91,29.13,42.42,13.62
52,2018-04-03 04:00:00,10070,4.638,115.1,31.14,9.76,40.87,29.12,42.38,13.6
53,2018-04-03 05:00:00,10071,6.282,83.9,17.64,13.41,40.12,29.09,42.22,13.62
54,2018-04-03 06:00:00,10072,5.999,77.01,20.2,12.88,39.57,29.09,41.6,13.6
55,2018-04-03 07:00:00,10073,6.745,69.97,18.53,12.46,39.13,29.08,41.21,13.62
56,2018-04-03 08:00:00,10074,7.414,67.85,16.48,15.26,38.86,29.06,41.21,13.62
57,2018-04-03 09:00:00,10075,7.402,60.33,16.34,13.9,38.97,29.03,41.79,13.62
58,2018-04-03 10:00:00,10076,8.27,62.09,15.84,16.53,39.35,29.02,42.11,13.6
59,2018-04-03 11:00:00,10077,8.34,69.72,15.47,15.37,39.36,28.99,42.15,13.6
60,2018-04-03 12:00:00,10078,7.714,49.97,18.18,14.11,39.18,28.95,41.91,13.6
61,2018-04-03 13:00:00,10079,7.842,43.22,16.46,15.86,38.91,28.92,41.91,13.62
62,2018-04-03 14:00:00,10080,9.08,38.4,15.52,18.07,38.67,28.87,41.83,13.62
63,2018-04-03 15:00:00,10081,9.9,22.5,16.98,17.37,38.19,28.85,41.33,13.59
64,2018-04-03 16:00:00,10082,9.91,9.12,20.63,19.44,38.17,28.84,40.4,13.62
65,2018-04-03 17:00:00,10083,9.4,354.0,23.09,19.47,37.67,28.84,39.97,13.62
66,2018-04-03 18:00:00,10084,9.99,348.1,20.63,20.56,36.59,28.87,39.27,13.62
67,2018-04-03 19:00:00,10085,9.06,337.0,17.69,16.63,36.66,28.91,38.23,13.62
68,2018-04-03 20:00:00,10086,8.66,315.3,16.54,16.88,36.73,28.95,37.85,13.62
69,2018-04-03 21:00:00,10087,8.45,290.9,13.46,15.3,36.57,28.98,37.77,13.62
70,2018-04-03 22:00:00,10088,9.64,276.3,12.22,16.6,36.04,28.99,37.5,13.59
71,2018-04-03 23:00:00,10089,10.76,273.6,12.14,20.98,35.85,29.0,37.2,13.59
72,2018-04-04 00:00:00,10090,12.2,273.8,11.64,22.98,35.16,29.02,36.77,13.59
73,2018-04-04 01:00:00,10091,13.24,276.1,11.73,24.8,34.8,29.03,36.16,13.61
74,2018-04-04 02:00:00,10092,15.63,287.4,14.0,35.91,33.04,29.05,35.77,13.62
75,2018-04-04 03:00:00,10093,16.9,307.2,12.8,30.83,29.59,29.11,34.82,13.7
76,2018-04-04 04:00:00,10094,15.66,303.6,13.92,26.37,28.53,29.18,32.52,13.62
77,2018-04-04 05:00:00,10095,14.94,305.1,14.13,29.07,28.02,29.23,30.91,13.62
78,2018-04-04 06:00:00,10096,14.83,300.3,14.4,29.18,28.05,29.27,29.64,13.61
79,2018-04-04 07:00:00,10097,16.02,304.6,14.07,27.08,27.71,29.32,30.18,13.62
80,2018-04-04 08:00:00,10098,17.73,303.5,13.97,30.93,27.8,29.35,30.91,13.47
81,2018-04-04 09:00:00,10099,17.94,312.1,14.97,34.75,29.03,29.38,36.39,13.47
82,2018-04-04 10:00:00,10100,18.04,319.4,16.77,39.1,30.74,29.43,41.09,13.65
83,2018-04-04 11:00:00,10101,14.29,307.1,20.27,31.77,31.77,29.46,44.14,13.62
84,2018-04-04 12:00:00,10102,13.97,293.1,18.6,24.06,32.52,29.48,43.71,13.62
85,2018-04-04 13:00:00,10103,13.04,278.7,15.7,24.17,33.99,29.49,43.04,13.6
86,2018-04-04 14:00:00,10104,13.92,274.4,14.79,24.83,34.4,29.5,42.34,13.61
87,2018-04-04 15:00:00,10105,13.99,275.0,14.83,24.45,34.36,29.51,41.06,13.63
88,2018-04-04 16:00:00,10106,13.22,270.8,15.48,23.29,34.66,29.52,41.06,13.62
89,2018-04-04 17:00:00,10107,13.55,265.0,14.87,24.17,34.12,29.53,40.75,13.61
90,2018-04-04 18:00:00,10108,10.45,268.7,14.03,20.91,33.68,29.54,37.92,13.61
91,2018-04-04 19:00:00,10109,9.93,269.6,12.82,16.63,32.73,29.54,35.93,13.61
92,2018-04-04 20:00:00,10110,8.74,258.6,14.22,16.04,32.15,29.54,33.21,13.61
93,2018-04-04 21:00:00,10111,7.008,260.4,13.35,13.02,31.5,29.55,31.87,13.58
94,2018-04-04 22:00:00,10112,7.06,264.3,12.21,13.58,30.86,29.56,30.72,13.58
95,2018-04-04 23:00:00,10113,6.686,268.9,11.73,11.44,30.03,29.56,29.84,13.58
96,2018-04-05 00:00:00,10114,6.58,277.8,10.87,12.39,29.63,29.57,29.26,13.61
97,2018-04-05 01:00:00,10115,6.816,282.9,13.41,11.9,29.63,29.57,29.41,13.61
98,2018-04-05 02:00:00,10116,6.977,299.8,16.38,12.67,29.02,29.57,29.53,13.61
99,2018-04-05 03:00:00,10117,6.169,300.2,19.07,11.87,28.17,29.57,29.3,13.59
100,2018-04-05 04:00:00,10118,5.02,288.0,12.84,10.01,27.41,29.57,28.84,13.61
101,2018-04-05 05:00:00,10119,4.273,275.1,12.43,7.94,26.31,29.57,26.87,13.59
102,2018-04-05 06:00:00,10120,3.842,264.2,15.66,7.94,25.9,29.58,25.37,13.6
103,2018-04-05 07:00:00,10121,4.445,258.0,18.28,8.01,26.61,29.58,26.29,13.59
104,2018-04-05 08:00:00,10122,4.679,240.4,21.03,7.555,28.61,29.58,29.37,13.61
105,2018-04-05 09:00:00,10123,5.082,222.5,29.24,10.22,31.47,29.59,39.16,13.61
106,2018-04-05 10:00:00,10124,4.457,233.7,31.41,8.64,34.32,29.57,44.18,13.61
107,2018-04-05 11:00:00,10125,5.965,223.8,27.94,13.86,37.32,29.56,51.62,13.62
108,2018-04-05 12:00:00,10126,7.336,224.7,23.97,15.19,39.66,29.53,53.56,13.62
109,2018-04-05 13:00:00,10127,8.63,210.8,21.09,15.86,40.49,29.51,53.23,13.62
110,2018-04-05 14:00:00,10128,8.27,201.4,21.41,15.83,40.92,29.48,49.75,13.62
111,2018-04-05 15:00:00,10129,10.0,206.4,17.02,19.26,39.36,29.46,47.74,13.62
112,2018-04-05 16:00:00,10130,6.817,200.2,18.68,12.74,36.66,29.44,44.57,13.62
113,2018-04-05 17:00:00,10131,6.502,185.6,17.55,11.69,35.44,29.42,40.28,13.61
114,2018-04-05 18:00:00,10132,5.731,173.2,20.46,10.18,35.16,29.41,38.0,13.62
115,2018-04-05 19:00:00,10133,4.896,140.5,20.41,10.22,35.24,29.38,36.89,13.62
116,2018-04-05 20:00:00,10134,4.026,149.5,16.09,7.414,34.61,29.36,36.85,13.62
117,2018-04-05 21:00:00,10135,3.602,147.6,16.77,7.239,33.36,29.35,35.62,13.62
118,2018-04-05 22:00:00,10136,6.099,150.8,15.45,11.34,33.66,29.32,34.82,13.62
119,2018-04-05 23:00:00,10137,5.461,158.4,22.88,15.26,33.59,29.28,35.12,13.62
120,2018-04-06 00:00:00,10138,3.738,192.7,20.95,7.975,33.92,29.25,35.35,13.61
121,2018-04-06 01:00:00,10139,4.843,195.0,15.73,9.2,34.12,29.22,34.85,13.62
122,2018-04-06 02:00:00,10140,4.502,219.9,14.94,8.82,34.37,29.2,34.62,13.62
123,2018-04-06 03:00:00,10141,5.615,260.8,13.84,13.93,35.27,29.19,35.28,13.62
124,2018-04-06 04:00:00,10142,7.473,278.0,13.88,13.55,35.57,29.2,35.58,13.62
125,2018-04-06 05:00:00,10143,6.699,270.8,12.37,12.25,35.33,29.2,35.62,13.62
126,2018-04-06 06:00:00,10144,7.07,279.5,12.88,14.11,35.91,29.22,35.93,13.62
127,2018-04-06 07:00:00,10145,7.211,274.6,13.98,12.88,36.05,29.25,37.5,13.59
128,2018-04-06 08:00:00,10146,9.09,274.2,14.39,16.49,36.72,29.25,39.01,13.59
129,2018-04-06 09:00:00,10147,11.41,272.2,14.32,20.24,36.86,29.26,40.59,13.62
130,2018-04-06 10:00:00,10148,13.18,277.0,14.51,23.26,36.83,29.26,42.81,13.62
131,2018-04-06 11:00:00,10149,14.39,270.9,16.16,26.55,37.21,29.26,43.83,13.61
132,2018-04-06 12:00:00,10150,16.41,284.0,16.63,29.04,36.77,29.26,43.78,13.62
133,2018-04-06 13:00:00,10151,16.72,284.3,15.33,31.04,35.17,29.29,42.77,13.47
134,2018-04-06 14:00:00,10152,15.49,281.1,15.63,25.53,34.57,29.31,41.37,13.63
135,2018-04-06 15:00:00,10153,14.32,279.3,17.51,25.25,34.78,29.32,43.47,13.62
136,2018-04-06 16:00:00,10154,13.18,308.5,22.49,24.45,34.47,29.32,43.9,13.6
137,2018-04-06 17:00:00,10155,13.43,322.2,15.98,25.71,33.04,29.36,41.91,13.61
138,2018-04-06 18:00:00,10156,12.1,332.1,21.18,22.62,32.4,29.38,38.04,13.59
139,2018-04-06 19:00:00,10157,11.22,323.1,12.6,19.68,30.83,29.4,35.28,13.61
140,2018-04-06 20:00:00,10158,9.5,321.5,13.31,18.07,30.51,29.42,32.37,13.61
141,2018-04-06 21:00:00,10159,9.21,318.4,12.39,17.05,30.3,29.43,30.56,13.58
142,2018-04-06 22:00:00,10160,9.15,318.5,12.6,16.39,29.66,29.44,29.57,13.59
143,2018-04-06 23:00:00,10161,10.51,321.2,11.8,17.37,29.03,29.45,28.91,13.59
144,2018-04-07 00:00:00,10162,9.84,322.3,11.66,17.4,27.86,29.46,28.26,13.59
145,2018-04-07 01:00:00,10163,9.0,323.0,12.59,16.35,26.97,29.47,27.3,13.59
146,2018-04-07 02:00:00,10164,8.78,317.9,12.8,16.32,26.14,29.47,26.33,13.6
147,2018-04-07 03:00:00,10165,7.469,314.8,15.7,14.98,25.17,29.47,25.37,13.6
148,2018-04-07 04:00:00,10166,8.23,322.8,14.36,14.81,23.9,29.49,24.32,13.6
149,2018-04-07 05:00:00,10167,5.964,301.8,11.42,11.02,23.18,29.49,23.15,13.58
150,2018-04-07 06:00:00,10168,6.617,304.0,11.78,12.25,22.51,29.5,22.02,13.6
151,2018-04-07 07:00:00,10169,7.941,306.8,15.7,12.43,22.64,29.51,22.56,13.58
152,2018-04-07 08:00:00,10170,7.108,305.1,20.74,12.6,23.44,29.52,23.93,13.6
153,2018-04-07 09:00:00,10171,5.088,306.6,31.52,11.13,24.6,29.51,33.82,13.6
154,2018-04-07 10:00:00,10172,4.021,291.2,48.35,10.64,26.96,29.5,43.67,13.59
155,2018-04-07 11:00:00,10173,4.783,350.1,65.57,13.51,28.31,29.49,49.83,13.59
156,2018-04-07 12:00:00,10174,6.869,69.19,24.8,13.44,29.43,29.48,51.26,13.59
157,2018-04-07 13:00:00,10175,7.717,70.22,23.39,14.39,31.29,29.46,52.12,13.59
158,2018-04-07 14:00:00,10176,8.33,72.64,18.77,14.46,32.29,29.45,52.49,13.6
159,2018-04-07 15:00:00,10177,8.6,65.56,17.44,13.27,32.12,29.43,51.05,13.6
160,2018-04-07 16:00:00,10178,8.53,73.07,17.23,13.79,33.28,29.42,49.03,13.59
161,2018-04-07 17:00:00,10179,7.717,73.6,15.21,12.6,32.88,29.42,47.42,13.62
162,2018-04-07 18:00:00,10180,6.366,75.46,16.5,10.85,32.45,29.41,44.92,13.62
163,2018-04-07 19:00:00,10181,4.575,86.7,19.52,9.27,30.72,29.41,40.47,13.61
164,2018-04-07 20:00:00,10182,3.576,73.62,20.48,7.309,30.81,29.42,32.67,13.61
165,2018-04-07 21:00:00,10183,3.34,74.72,19.05,6.749,30.58,29.43,29.72,13.61
166,2018-04-07 22:00:00,10184,2.638,86.9,22.55,6.994,29.79,29.43,28.49,13.59
167,2018-04-07 23:00:00,10185,1.439,102.4,33.1,3.384,28.59,29.43,27.22,13.59
168,2018-04-08 00:00:00,10186,1.513,264.3,54.12,3.735,28.39,29.43,25.99,13.59
169,2018-04-08 01:00:00,10187,1.464,241.1,40.08,2.578,27.37,29.42,25.48,13.58
170,2018-04-08 02:00:00,10188,1.714,215.0,28.26,3.489,26.18,29.42,24.86,13.58
171,2018-04-08 03:00:00,10189,2.238,243.9,34.56,3.875,26.04,29.42,23.73,13.58
172,2018-04-08 04:00:00,10190,2.875,298.2,17.62,5.592,26.55,29.43,23.54,13.61
173,2018-04-08 05:00:00,10191,3.276,293.3,10.26,5.943,26.52,29.43,23.65,13.61
174,2018-04-08 06:00:00,10192,3.222,291.9,10.68,5.837,26.02,29.45,23.65,13.59
175,2018-04-08 07:00:00,10193,4.0,308.5,15.28,7.064,27.81,29.46,26.33,13.61
176,2018-04-08 08:00:00,10194,4.367,342.1,33.15,8.57,30.13,29.47,29.72,13.6
177,2018-04-08 09:00:00,10195,4.974,37.75,30.49,9.06,31.74,29.47,40.09,13.61
178,2018-04-08 10:00:00,10196,5.954,65.06,28.15,11.34,33.74,29.47,48.62,13.59
179,2018-04-08 11:00:00,10197,7.981,72.02,19.4,15.37,34.44,29.46,54.27,13.62
180,2018-04-08 12:00:00,10198,8.99,68.03,20.3,15.12,34.96,29.45,55.23,13.6
181,2018-04-08 13:00:00,10199,9.0,60.88,19.06,15.44,34.97,29.43,53.11,13.6
182,2018-04-08 14:00:00,10200,9.17,58.37,18.8,16.0,35.68,29.42,48.82,13.62
183,2018-04-08 15:00:00,10201,8.81,56.29,18.81,14.25,35.51,29.41,48.3,13.62
184,2018-04-08 16:00:00,10202,8.47,64.68,18.03,14.91,35.64,29.41,47.1,13.62
185,2018-04-08 17:00:00,10203,8.28,60.1,17.61,14.49,35.13,29.4,44.14,13.62
186,2018-04-08 18:00:00,10204,7.303,66.6,19.12,14.0,34.99,29.4,42.34,13.62
187,2018-04-08 19:00:00,10205,8.23,69.84,15.84,15.16,34.38,29.39,38.42,13.62
188,2018-04-08 20:00:00,10206,8.18,65.67,15.73,14.04,33.84,29.4,36.35,13.62
189,2018-04-08 21:00:00,10207,7.155,66.45,14.59,12.99,34.25,29.42,35.74,13.62
190,2018-04-08 22:00:00,10208,7.004,43.66,16.07,14.7,34.41,29.43,36.01,13.59
191,2018-04-08 23:00:00,10209,4.323,52.48,23.39,10.6,34.03,29.44,36.08,13.61
192,2018-04-09 00:00:00,10210,3.882,99.1,41.08,9.83,31.82,29.44,35.58,13.61
193,2018-04-09 01:00:00,10211,3.394,103.2,30.94,8.82,31.95,29.44,34.35,13.59
194,2018-04-09 02:00:00,10212,5.119,82.0,19.29,10.88,32.0,29.42,34.13,13.62
195,2018-04-09 03:00:00,10213,5.251,71.71,18.52,10.78,31.83,29.41,34.09,13.62
196,2018-04-09 04:00:00,10214,3.397,131.6,44.97,8.57,31.69,29.42,33.94,13.62
197,2018-04-09 05:00:00,10215,1.7,184.3,24.13,3.629,31.06,29.43,33.86,13.62
198,2018-04-09 06:00:00,10216,2.049,156.7,31.17,3.735,31.14,29.44,33.63,13.62
199,2018-04-09 07:00:00,10217,3.024,173.5,15.83,5.452,31.19,29.46,33.82,13.62
200,2018-04-09 08:00:00,10218,3.98,168.8,15.89,7.379,32.0,29.48,35.2,13.62
201,2018-04-09 09:00:00,10219,4.032,169.3,16.83,6.854,32.99,29.5,37.0,13.62
202,2018-04-09 10:00:00,10220,3.525,148.7,35.63,7.309,35.41,29.5,41.79,13.59
203,2018-04-09 11:00:00,10221,4.878,79.74,19.77,7.695,34.98,29.51,41.68,13.6
204,2018-04-09 12:00:00,10222,3.85,67.68,23.06,6.854,34.96,29.51,40.82,13.62
205,2018-04-09 13:00:00,10223,5.283,66.01,23.36,10.15,36.26,29.51,45.59,13.62
206,2018-04-09 14:00:00,10224,5.713,48.99,22.65,12.04,36.19,29.52,46.19,13.62
207,2018-04-09 15:00:00,10225,7.501,19.98,20.67,14.42,35.26,29.53,44.37,13.62
208,2018-04-09 16:00:00,10226,7.698,6.305,23.86,14.74,35.51,29.54,40.59,13.62
209,2018-04-09 17:00:00,10227,8.74,24.3,16.32,16.11,35.9,29.55,41.79,13.62
210,2018-04-09 18:00:00,10228,6.899,21.9,17.14,12.08,35.23,29.57,41.06,13.6
211,2018-04-09 19:00:00,10229,3.284,5.905,22.1,7.414,34.51,29.58,37.92,13.62
212,2018-04-09 20:00:00,10230,2.177,13.61,23.88,4.05,34.37,29.59,35.47,13.61
213,2018-04-09 21:00:00,10231,1.683,10.16,51.95,3.524,34.25,29.61,35.24,13.61
214,2018-04-09 22:00:00,10232,1.884,209.6,9.18,3.279,32.89,29.61,34.24,13.61
215,2018-04-09 23:00:00,10233,2.238,224.6,15.28,4.891,31.98,29.61,32.52,13.61
216,2018-04-10 00:00:00,10234,2.996,223.9,15.75,7.905,31.77,29.61,30.76,13.61
217,2018-04-10 01:00:00,10235,5.046,248.1,12.28,9.13,32.41,29.61,31.45,13.61
218,2018-04-10 02:00:00,10236,4.239,263.1,12.7,8.4,31.84,29.6,31.41,13.61
219,2018-04-10 03:00:00,10237,3.437,271.5,10.52,6.048,31.19,29.6,30.72,13.61
220,2018-04-10 04:00:00,10238,3.994,269.6,10.22,6.889,30.47,29.61,29.68,13.61
221,2018-04-10 05:00:00,10239,3.914,263.8,13.54,6.328,30.38,29.61,29.1,13.61
222,2018-04-10 06:00:00,10240,3.054,234.0,19.64,6.153,29.36,29.62,28.72,13.61
223,2018-04-10 07:00:00,10241,5.58,257.3,17.85,10.25,31.24,29.63,30.26,13.61
224,2018-04-10 08:00:00,10242,5.248,273.9,19.04,8.75,33.5,29.65,33.02,13.61
225,2018-04-10 09:00:00,10243,3.569,267.0,32.29,9.06,36.55,29.64,44.57,13.59
226,2018-04-10 10:00:00,10244,3.482,249.5,63.29,9.17,39.63,29.64,54.19,13.62
227,2018-04-10 11:00:00,10245,5.048,71.94,37.13,12.04,40.04,29.63,56.84,13.62
228,2018-04-10 12:00:00,10246,6.325,77.87,26.43,11.59,41.06,29.61,59.43,13.62
229,2018-04-10 13:00:00,10247,5.986,244.7,70.41,17.16,43.39,29.59,60.57,13.62
230,2018-04-10 14:00:00,10248,8.76,244.6,21.23,16.56,44.66,29.56,60.13,13.62
231,2018-04-10 15:00:00,10249,9.55,250.9,20.1,17.72,44.91,29.55,56.93,13.62
232,2018-04-10 16:00:00,10250,9.99,251.9,18.25,18.49,44.16,29.53,53.73,13.62
233,2018-04-10 17:00:00,10251,8.19,236.5,23.72,16.18,44.85,29.51,49.79,13.62
234,2018-04-10 18:00:00,10252,7.619,237.3,15.63,14.91,44.06,29.5,49.59,13.62
235,2018-04-10 19:00:00,10253,6.344,234.7,16.38,11.76,43.82,29.48,46.31,13.62
236,2018-04-10 20:00:00,10254,6.378,227.9,15.48,13.06,43.56,29.48,44.89,13.62
237,2018-04-10 21:00:00,10255,6.885,231.2,14.57,12.08,43.03,29.48,44.53,13.62
238,2018-04-10 22:00:00,10256,6.821,228.8,16.56,13.27,42.29,29.48,44.14,13.62
239,2018-04-10 23:00:00,10257,7.777,230.3,16.27,16.32,41.67,29.48,43.51,13.6
240,2018-04-11 00:00:00,10258,7.285,212.2,14.37,14.53,40.93,29.46,42.85,13.62
241,2018-04-11 01:00:00,10259,6.979,196.7,15.54,13.76,40.6,29.43,41.71,13.62
242,2018-04-11 02:00:00,10260,7.558,195.5,15.51,16.14,40.07,29.4,40.9,13.6
243,2018-04-11 03:00:00,10261,8.53,200.1,14.37,18.14,40.26,29.37,41.06,13.62
244,2018-04-11 04:00:00,10262,9.3,204.8,14.73,17.93,39.61,29.36,40.86,13.6
245,2018-04-11 05:00:00,10263,10.91,207.0,13.01,19.72,39.13,29.34,40.09,13.62
246,2018-04-11 06:00:00,10264,10.25,212.6,13.03,18.8,39.03,29.35,39.08,13.62
247,2018-04-11 07:00:00,10265,10.85,218.1,16.48,21.05,40.06,29.36,40.55,13.62
248,2018-04-11 08:00:00,10266,11.53,223.9,16.51,20.94,42.23,29.36,43.43,13.62
249,2018-04-11 09:00:00,10267,11.35,238.4,15.38,18.94,47.02,29.36,52.28,13.6
250,2018-04-11 10:00:00,10268,11.62,235.8,15.83,20.38,52.29,29.35,59.25,13.63
251,2018-04-11 11:00:00,10269,10.57,243.8,18.99,19.05,56.09,29.34,67.71,13.61
252,2018-04-11 12:00:00,10270,8.61,242.7,23.56,16.28,58.91,29.31,73.37,13.63
253,2018-04-11 13:00:00,10271,8.12,227.5,22.38,15.97,62.26,29.29,75.96,13.64
254,2018-04-11 14:00:00,10272,8.21,242.4,22.15,16.46,64.85,29.27,76.92,13.64
255,2018-04-11 15:00:00,10273,7.301,208.4,78.93,15.93,61.75,29.26,76.55,13.64
256,2018-04-11 16:00:00,10274,8.39,86.3,17.32,14.95,48.47,29.26,72.0,13.61
257,2018-04-11 17:00:00,10275,6.959,93.9,23.82,18.66,47.04,29.26,59.3,13.63
258,2018-04-11 18:00:00,10276,7.167,84.8,20.07,13.58,45.85,29.25,53.43,13.63
259,2018-04-11 19:00:00,10277,4.271,82.0,20.13,11.55,45.43,29.24,50.08,13.62
260,2018-04-11 20:00:00,10278,3.555,53.49,18.34,6.223,45.28,29.24,48.1,13.6
261,2018-04-11 21:00:00,10279,3.225,26.03,19.67,6.398,44.91,29.22,47.42,13.6
262,2018-04-11 22:00:00,10280,1.896,21.06,67.62,4.996,46.21,29.19,48.1,13.62
263,2018-04-11 23:00:00,10281,7.556,161.1,23.05,17.89,55.26,29.15,54.44,13.6
264,2018-04-12 00:00:00,10282,8.29,182.4,18.89,17.33,56.94,29.13,54.94,13.6
265,2018-04-12 01:00:00,10283,5.825,200.7,19.47,12.88,56.89,29.12,56.55,13.63
266,2018-04-12 02:00:00,10284,5.569,211.7,24.33,11.62,55.96,29.11,56.76,13.63
267,2018-04-12 03:00:00,10285,8.11,186.1,16.19,18.63,55.32,29.05,54.85,13.63
268,2018-04-12 04:00:00,10286,11.15,200.5,14.38,23.71,55.74,29.02,55.82,13.63
269,2018-04-12 05:00:00,10287,13.94,207.6,11.7,25.22,55.96,29.0,56.08,13.63
270,2018-04-12 06:00:00,10288,13.37,209.0,11.37,22.45,55.71,28.99,56.08,13.62
271,2018-04-12 07:00:00,10289,13.54,211.2,11.31,24.17,56.63,28.99,57.05,13.63
272,2018-04-12 08:00:00,10290,13.26,217.6,16.62,28.44,61.07,28.99,61.1,13.61
273,2018-04-12 09:00:00,10291,15.45,235.6,16.4,28.97,64.54,28.99,68.62,13.63
274,2018-04-12 10:00:00,10292,16.09,245.2,15.09,27.25,67.14,28.99,73.78,13.56
275,2018-04-12 11:00:00,10293,13.27,232.2,18.73,24.69,70.47,29.0,80.6,13.64
276,2018-04-12 12:00:00,10294,12.33,258.8,17.2,25.22,72.68,29.01,84.3,13.64
277,2018-04-12 13:00:00,10295,10.85,262.2,17.99,19.37,73.76,29.02,83.8,13.62
278,2018-04-12 14:00:00,10296,8.54,269.3,17.07,15.93,74.18,29.04,82.6,13.61
279,2018-04-12 15:00:00,10297,11.09,40.7,20.85,21.57,51.46,29.07,81.8,13.63
280,2018-04-12 16:00:00,10298,8.29,56.75,28.67,21.22,48.52,29.08,63.8,13.63
281,2018-04-12 17:00:00,10299,7.847,68.71,16.89,13.62,47.45,29.09,58.73,13.6
282,2018-04-12 18:00:00,10300,8.0,64.45,17.19,15.19,44.63,29.09,56.16,13.62
283,2018-04-12 19:00:00,10301,6.236,50.73,19.65,11.3,42.69,29.11,50.04,13.6
284,2018-04-12 20:00:00,10302,7.147,38.29,18.4,13.76,41.77,29.12,46.47,13.6
285,2018-04-12 21:00:00,10303,8.93,32.91,14.62,15.93,41.49,29.12,44.69,13.6
286,2018-04-12 22:00:00,10304,10.04,19.07,15.05,19.54,41.04,29.1,44.06,13.62
287,2018-04-12 23:00:00,10305,10.14,20.13,17.18,18.94,40.9,29.09,43.08,13.62
288,2018-04-13 00:00:00,10306,9.14,16.61,17.56,16.74,40.53,29.09,43.04,13.6
289,2018-04-13 01:00:00,10307,9.27,14.0,17.07,16.91,40.28,29.08,42.89,13.62
290,2018-04-13 02:00:00,10308,7.986,17.56,16.97,18.14,40.34,29.07,42.53,13.6
291,2018-04-13 03:00:00,10309,9.05,10.38,17.81,16.74,40.38,29.06,41.91,13.6
292,2018-04-13 04:00:00,10310,8.26,12.47,16.89,16.7,40.54,29.05,41.17,13.62
293,2018-04-13 05:00:00,10311,7.51,13.13,16.73,12.32,40.68,29.04,41.29,13.63
294,2018-04-13 06:00:00,10312,5.03,11.6,17.87,12.04,40.83,29.04,42.26,13.62
295,2018-04-13 07:00:00,10313,3.355,3.766,23.62,6.188,41.78,29.04,44.69,13.6
296,2018-04-13 08:00:00,10314,4.415,353.9,21.2,9.59,44.1,29.04,47.94,13.6
297,2018-04-13 09:00:00,10315,6.905,10.22,19.74,12.08,45.56,29.04,51.46,13.62
298,2018-04-13 10:00:00,10316,6.53,11.71,21.41,12.15,46.06,29.03,54.77,13.63
299,2018-04-13 11:00:00,10317,6.581,21.96,14.35,12.95,44.81,29.04,53.39,13.63
300,2018-04-13 12:00:00,10318,10.96,3.89,22.11,21.61,43.25,29.06,50.93,13.63
301,2018-04-13 13:00:00,10319,13.33,343.0,18.58,26.8,41.61,29.1,50.32,13.62
302,2018-04-13 14:00:00,10320,11.76,342.5,18.25,25.46,40.7,29.13,46.7,13.62
303,2018-04-13 15:00:00,10321,8.04,14.26,22.26,21.64,40.69,29.13,45.12,13.62
304,2018-04-13 16:00:00,10322,4.66,54.04,80.1,11.69,41.67,29.11,45.0,13.6
305,2018-04-13 17:00:00,10323,5.052,40.66,58.21,15.76,43.8,29.11,48.1,13.6
306,2018-04-13 18:00:00,10324,10.26,4.282,22.81,23.26,41.41,29.12,47.9,13.62
307,2018-04-13 19:00:00,10325,10.45,345.0,18.18,21.96,40.85,29.15,44.73,13.62
308,2018-04-13 20:00:00,10326,10.13,359.8,22.23,20.7,40.29,29.17,43.24,13.62
309,2018-04-13 21:00:00,10327,8.88,11.8,19.44,16.28,40.31,29.16,42.42,13.62
310,2018-04-13 22:00:00,10328,7.957,4.232,20.89,17.65,40.3,29.15,42.53,13.62
311,2018-04-13 23:00:00,10329,11.27,359.5,22.12,21.19,39.92,29.13,42.65,13.62
312,2018-04-14 00:00:00,10330,13.55,14.35,18.18,26.06,39.57,29.13,42.22,13.62
313,2018-04-14 01:00:00,10331,13.25,17.61,15.27,22.91,39.2,29.12,41.06,13.6
314,2018-04-14 02:00:00,10332,11.39,11.21,19.48,22.34,39.1,29.1,40.55,13.62
315,2018-04-14 03:00:00,10333,10.92,359.2,22.73,22.06,39.03,29.09,40.32,13.62
316,2018-04-14 04:00:00,10334,12.01,8.29,20.92,23.71,38.95,29.08,40.12,13.62
317,2018-04-14 05:00:00,10335,11.19,9.36,20.34,21.75,39.1,29.07,40.12,13.62
318,2018-04-14 06:00:00,10336,13.45,12.61,17.18,26.16,39.79,29.07,40.67,13.62
319,2018-04-14 07:00:00,10337,15.77,21.05,16.61,28.97,39.11,29.11,40.71,13.64
320,2018-04-14 08:00:00,10338,14.74,40.09,17.22,32.02,39.03,29.11,40.63,13.63
321,2018-04-14 09:00:00,10339,14.27,30.85,14.44,27.15,39.11,29.13,40.98,13.62
322,2018-04-14 10:00:00,10340,13.49,32.67,15.13,25.88,39.66,29.14,41.64,13.62
323,2018-04-14 11:00:00,10341,14.85,30.04,13.71,28.44,39.63,29.14,42.03,13.62
324,2018-04-14 12:00:00,10342,14.15,27.35,13.22,25.71,39.57,29.16,42.06,13.62
325,2018-04-14 13:00:00,10343,14.34,24.78,14.57,25.11,39.14,29.18,42.18,13.62
326,2018-04-14 14:00:00,10344,15.65,29.64,13.23,27.39,38.64,29.19,41.83,13.47
327,2018-04-14 15:00:00,10345,14.9,31.67,13.99,27.46,38.49,29.2,41.52,13.63
328,2018-04-14 16:00:00,10346,13.68,37.78,14.35,25.64,38.36,29.19,40.82,13.62
329,2018-04-14 17:00:00,10347,13.74,48.61,16.53,26.27,39.05,29.18,40.71,13.61
330,2018-04-14 18:00:00,10348,13.71,59.32,15.97,25.92,39.09,29.19,40.75,13.61
331,2018-04-14 19:00:00,10349,13.93,64.75,15.1,27.04,39.1,29.19,40.2,13.62
332,2018-04-14 20:00:00,10350,14.48,68.14,14.37,25.46,38.61,29.2,39.97,13.62
333,2018-04-14 21:00:00,10351,14.27,72.96,14.83,27.29,38.31,29.18,39.7,13.63
334,2018-04-14 22:00:00,10352,11.61,76.3,16.59,24.62,38.31,29.17,39.51,13.62
335,2018-04-14 23:00:00,10353,12.07,73.17,14.78,23.75,38.47,29.15,39.66,13.6
336,2018-04-15 00:00:00,10354,7.14,72.64,24.26,14.32,38.73,29.17,39.86,13.62
337,2018-04-15 01:00:00,10355,7.187,48.63,17.23,16.98,38.09,29.16,39.74,13.62
338,2018-04-15 02:00:00,10356,9.72,51.5,16.59,19.86,37.35,29.14,39.27,13.62
339,2018-04-15 03:00:00,10357,11.4,61.04,15.84,20.17,36.75,29.12,38.7,13.61
340,2018-04-15 04:00:00,10358,11.5,60.77,16.02,21.4,36.32,29.12,38.27,13.62
341,2018-04-15 05:00:00,10359,11.37,59.48,16.26,23.29,35.96,29.1,37.73,13.59
342,2018-04-15 06:00:00,10360,11.46,54.73,16.76,23.75,35.58,29.09,37.39,13.59
343,2018-04-15 07:00:00,10361,10.67,51.41,17.13,22.13,35.16,29.1,36.89,13.62
344,2018-04-15 08:00:00,10362,13.3,56.15,16.41,27.15,34.52,29.06,36.46,13.62
345,2018-04-15 09:00:00,10363,12.64,59.1,16.02,24.83,34.42,29.05,36.16,13.61
346,2018-04-15 10:00:00,10364,10.99,56.94,18.94,24.94,35.05,29.02,36.85,13.62
347,2018-04-15 11:00:00,10365,6.271,54.53,19.05,12.5,35.42,29.05,38.16,13.62
348,2018-04-15 12:00:00,10366,7.902,43.97,17.42,13.65,36.61,29.03,40.43,13.62
349,2018-04-15 13:00:00,10367,6.859,28.48,18.2,12.92,36.65,29.02,41.21,13.62
350,2018-04-15 14:00:00,10368,5.999,7.251,22.28,10.78,36.62,29.02,41.52,13.62
351,2018-04-15 15:00:00,10369,5.525,349.2,19.23,10.64,36.69,29.02,41.02,13.6
352,2018-04-15 16:00:00,10370,6.652,346.5,16.97,12.43,36.15,29.02,40.59,13.62
353,2018-04-15 17:00:00,10371,6.66,340.7,18.81,14.39,35.44,29.04,38.77,13.59
354,2018-04-15 18:00:00,10372,8.18,318.1,13.82,14.07,35.87,29.06,37.66,13.59
355,2018-04-15 19:00:00,10373,8.4,313.7,13.48,15.09,35.56,29.07,37.27,13.62
356,2018-04-15 20:00:00,10374,8.18,314.1,13.98,13.79,35.16,29.08,36.92,13.59
357,2018-04-15 21:00:00,10375,8.67,305.8,11.82,14.74,34.16,29.12,36.46,13.61
358,2018-04-15 22:00:00,10376,8.72,290.7,12.45,16.46,33.03,29.11,35.7,13.62
359,2018-04-15 23:00:00,10377,10.09,284.3,12.85,18.28,31.91,29.11,34.78,13.59
360,2018-04-16 00:00:00,10378,10.56,279.9,12.93,18.35,30.31,29.13,33.82,13.61
361,2018-04-16 01:00:00,10379,11.58,273.8,12.4,20.84,29.16,29.12,32.48,13.61
362,2018-04-16 02:00:00,10380,12.27,272.4,12.01,21.43,28.96,29.12,31.25,13.59
363,2018-04-16 03:00:00,10381,11.34,273.1,12.83,22.84,28.75,29.12,30.64,13.61
364,2018-04-16 04:00:00,10382,10.99,276.3,12.24,20.63,28.47,29.13,30.3,13.59
365,2018-04-16 05:00:00,10383,10.77,274.7,12.7,20.21,28.08,29.13,30.03,13.59
366,2018-04-16 06:00:00,10384,10.47,271.3,12.83,19.12,28.05,29.13,29.76,13.59
367,2018-04-16 07:00:00,10385,11.27,271.4,12.45,20.59,28.05,29.14,30.18,13.59
368,2018-04-16 08:00:00,10386,10.8,275.0,12.74,19.68,27.79,29.15,31.18,13.61
369,2018-04-16 09:00:00,10387,10.95,281.9,13.86,21.01,27.57,29.16,32.59,13.59
370,2018-04-16 10:00:00,10388,12.03,285.2,13.05,23.08,28.57,29.17,34.97,13.61
371,2018-04-16 11:00:00,10389,13.06,286.3,13.99,22.69,31.64,29.18,37.81,13.62
372,2018-04-16 12:00:00,10390,13.17,283.8,14.34,22.66,32.82,29.19,38.39,13.59
373,2018-04-16 13:00:00,10391,13.89,280.7,13.28,23.01,32.92,29.2,38.39,13.6
374,2018-04-16 14:00:00,10392,13.84,291.3,13.93,23.01,33.56,29.21,38.81,13.61
375,2018-04-16 15:00:00,10393,14.12,288.9,13.06,26.62,33.69,29.22,38.66,13.62
376,2018-04-16 16:00:00,10394,13.21,297.1,14.98,23.64,33.87,29.23,37.39,13.59
377,2018-04-16 17:00:00,10395,12.44,286.0,13.52,20.59,34.15,29.24,37.12,13.62
378,2018-04-16 18:00:00,10396,10.73,277.8,13.0,19.65,34.3,29.25,36.43,13.62
379,2018-04-16 19:00:00,10397,10.15,272.9,13.05,18.56,33.96,29.26,35.96,13.62
380,2018-04-16 20:00:00,10398,9.89,272.1,13.19,17.89,33.73,29.26,35.47,13.62
381,2018-04-16 21:00:00,10399,10.2,278.5,12.79,19.33,33.58,29.27,35.28,13.62
382,2018-04-16 22:00:00,10400,11.22,280.0,13.3,21.68,33.3,29.27,35.05,13.62
383,2018-04-16 23:00:00,10401,10.46,276.7,12.83,18.8,32.55,29.26,34.66,13.59
384,2018-04-17 00:00:00,10402,10.38,277.5,13.1,17.96,32.0,29.25,34.09,13.62
385,2018-04-17 01:00:00,10403,10.4,277.1,13.51,18.87,31.74,29.24,33.48,13.59
386,2018-04-17 02:00:00,10404,10.72,275.6,12.46,21.61,31.23,29.24,32.83,13.59
387,2018-04-17 03:00:00,10405,11.6,283.6,15.48,21.19,31.32,29.24,32.59,13.61
388,2018-04-17 04:00:00,10406,10.1,287.3,15.33,17.44,30.45,29.25,32.59,13.61
389,2018-04-17 05:00:00,10407,8.79,276.6,11.77,15.83,29.78,29.24,30.6,13.61
390,2018-04-17 06:00:00,10408,9.19,270.4,12.24,17.82,30.06,29.24,30.41,13.61
391,2018-04-17 07:00:00,10409,10.8,285.0,14.73,21.57,31.29,29.25,32.25,13.61
392,2018-04-17 08:00:00,10410,12.61,303.1,16.75,20.56,32.12,29.25,35.28,13.61
393,2018-04-17 09:00:00,10411,12.94,301.8,17.06,22.03,33.17,29.25,39.58,13.59
394,2018-04-17 10:00:00,10412,12.82,314.7,16.83,23.75,34.72,29.25,44.53,13.6
395,2018-04-17 11:00:00,10413,9.48,304.5,23.94,18.77,36.03,29.25,45.71,13.62
396,2018-04-17 12:00:00,10414,9.06,302.0,24.55,18.1,37.21,29.25,52.2,13.62
397,2018-04-17 13:00:00,10415,8.48,37.54,29.99,16.28,37.08,29.25,56.12,13.62
398,2018-04-17 14:00:00,10416,9.62,55.07,21.42,15.76,36.84,29.25,52.73,13.62
399,2018-04-17 15:00:00,10417,8.73,64.26,19.13,14.04,37.32,29.25,53.52,13.62
400,2018-04-17 16:00:00,10418,8.55,62.37,20.06,15.48,37.4,29.26,53.06,13.62
401,2018-04-17 17:00:00,10419,9.34,60.1,18.22,15.9,37.46,29.26,51.5,13.62
402,2018-04-17 18:00:00,10420,8.42,58.91,18.84,17.02,36.9,29.27,48.5,13.6
403,2018-04-17 19:00:00,10421,6.969,72.74,15.71,13.16,35.46,29.28,44.53,13.6
404,2018-04-17 20:00:00,10422,5.663,75.3,16.32,11.23,34.85,29.29,37.81,13.62
405,2018-04-17 21:00:00,10423,5.158,70.24,16.63,9.9,34.36,29.31,34.78,13.62
406,2018-04-17 22:00:00,10424,4.718,60.21,16.51,9.41,34.11,29.31,33.82,13.61
407,2018-04-17 23:00:00,10425,4.459,50.75,16.57,11.3,33.96,29.3,33.4,13.59
408,2018-04-18 00:00:00,10426,4.784,56.42,16.84,9.62,33.85,29.3,33.21,13.59
409,2018-04-18 01:00:00,10427,5.547,61.17,15.6,11.41,33.76,29.28,32.98,13.62
410,2018-04-18 02:00:00,10428,5.549,63.61,16.3,11.59,33.77,29.27,32.86,13.62
411,2018-04-18 03:00:00,10429,4.546,82.8,20.85,10.08,33.77,29.26,32.75,13.62
412,2018-04-18 04:00:00,10430,5.251,91.7,17.08,10.92,33.83,29.24,32.32,13.59
413,2018-04-18 05:00:00,10431,5.511,99.9,22.91,14.49,33.6,29.22,32.52,13.61
414,2018-04-18 06:00:00,10432,4.749,110.2,24.77,14.18,33.85,29.22,33.55,13.62
415,2018-04-18 07:00:00,10433,7.143,104.1,24.03,15.72,35.12,29.21,37.5,13.62
416,2018-04-18 08:00:00,10434,8.22,103.5,24.22,19.58,35.87,29.2,39.97,13.62
417,2018-04-18 09:00:00,10435,9.81,88.5,18.33,21.5,36.54,29.19,42.81,13.62
418,2018-04-18 10:00:00,10436,11.92,74.54,16.15,21.01,36.2,29.16,43.43,13.6
419,2018-04-18 11:00:00,10437,11.44,60.07,17.64,21.08,36.0,29.15,42.45,13.62
420,2018-04-18 12:00:00,10438,12.03,52.8,16.82,23.33,35.46,29.12,40.67,13.62
421,2018-04-18 13:00:00,10439,11.78,37.81,19.98,22.69,35.83,29.11,39.55,13.62
422,2018-04-18 14:00:00,10440,11.16,27.35,15.64,20.66,35.41,29.13,39.01,13.62
423,2018-04-18 15:00:00,10441,10.12,28.55,16.02,18.87,35.39,29.13,38.7,13.62
424,2018-04-18 16:00:00,10442,10.41,16.79,17.47,19.3,35.06,29.15,38.42,13.62
425,2018-04-18 17:00:00,10443,8.65,10.05,19.92,18.03,33.84,29.17,37.31,13.62
426,2018-04-18 18:00:00,10444,6.559,0.845,22.06,14.11,34.08,29.19,36.01,13.62
427,2018-04-18 19:00:00,10445,6.048,341.6,18.43,11.97,34.27,29.21,35.89,13.62
428,2018-04-18 20:00:00,10446,6.021,319.6,17.77,11.2,33.53,29.23,35.7,13.62
429,2018-04-18 21:00:00,10447,6.336,301.5,10.49,11.66,32.87,29.25,34.97,13.62
430,2018-04-18 22:00:00,10448,7.58,305.4,11.8,13.02,32.79,29.25,34.47,13.62
431,2018-04-18 23:00:00,10449,6.495,314.8,11.77,10.81,32.14,29.27,34.2,13.62
432,2018-04-19 00:00:00,10450,7.099,331.7,24.03,16.46,32.81,29.3,34.09,13.59
433,2018-04-19 01:00:00,10451,10.27,10.29,19.66,22.73,34.33,29.33,34.62,13.62
434,2018-04-19 02:00:00,10452,12.02,17.76,16.07,21.71,35.16,29.37,35.31,13.59
435,2018-04-19 03:00:00,10453,9.66,14.73,17.11,21.29,35.16,29.4,35.96,13.62
436,2018-04-19 04:00:00,10454,7.448,4.026,21.28,16.25,35.69,29.43,35.96,13.62
437,2018-04-19 05:00:00,10455,7.965,355.1,22.77,18.14,35.98,29.47,35.66,13.62
438,2018-04-19 06:00:00,10456,9.11,348.6,19.76,18.52,36.33,29.52,35.7,13.62
439,2018-04-19 07:00:00,10457,9.65,345.5,19.04,24.1,36.72,29.56,36.66,13.59
440,2018-04-19 08:00:00,10458,10.05,344.4,18.04,21.05,37.01,29.6,37.7,13.59
441,2018-04-19 09:00:00,10459,11.9,345.8,19.54,24.59,37.91,29.64,43.78,13.62
442,2018-04-19 10:00:00,10460,10.81,350.7,22.23,20.03,39.58,29.67,50.69,13.6
443,2018-04-19 11:00:00,10461,10.56,357.4,22.53,20.87,40.24,29.69,54.27,13.62
444,2018-04-19 12:00:00,10462,9.86,2.386,22.26,18.14,41.73,29.7,56.29,13.62
445,2018-04-19 13:00:00,10463,9.58,1.001,22.96,20.21,43.4,29.72,57.96,13.6
446,2018-04-19 14:00:00,10464,10.01,27.52,20.99,21.68,43.82,29.73,58.34,13.62
447,2018-04-19 15:00:00,10465,11.86,16.63,17.03,20.35,43.6,29.75,57.01,13.62
448,2018-04-19 16:00:00,10466,9.63,24.74,17.43,16.95,43.24,29.75,54.85,13.6
449,2018-04-19 17:00:00,10467,8.53,23.38,15.61,14.95,42.83,29.75,54.06,13.63
450,2018-04-19 18:00:00,10468,7.086,20.57,18.03,11.66,43.31,29.76,52.53,13.6
451,2018-04-19 19:00:00,10469,5.038,24.97,16.11,10.74,40.99,29.76,50.16,13.6
452,2018-04-19 20:00:00,10470,3.637,17.52,17.74,6.854,40.07,29.77,43.04,13.6
453,2018-04-19 21:00:00,10471,2.411,308.4,61.56,6.293,39.79,29.77,39.35,13.6
454,2018-04-19 22:00:00,10472,3.399,274.1,20.4,5.767,38.78,29.77,37.58,13.62
455,2018-04-19 23:00:00,10473,3.61,299.3,10.49,5.872,40.11,29.78,36.54,13.62
456,2018-04-20 00:00:00,10474,2.859,278.2,10.15,4.716,39.22,29.78,36.73,13.6
457,2018-04-20 01:00:00,10475,2.28,281.4,8.79,3.349,37.26,29.78,36.16,13.62
458,2018-04-20 02:00:00,10476,2.623,287.0,7.539,3.84,36.55,29.79,34.66,13.61
459,2018-04-20 03:00:00,10477,2.93,271.4,15.01,4.365,36.65,29.8,34.01,13.61
460,2018-04-20 04:00:00,10478,2.486,278.5,13.12,3.875,35.52,29.81,34.05,13.62
461,2018-04-20 05:00:00,10479,2.233,300.2,15.64,3.98,34.88,29.82,33.28,13.62
462,2018-04-20 06:00:00,10480,2.344,321.0,33.71,5.417,36.92,29.84,33.02,13.59
463,2018-04-20 07:00:00,10481,3.791,33.45,25.45,10.99,40.61,29.85,37.81,13.62
464,2018-04-20 08:00:00,10482,5.894,26.19,16.06,9.76,42.34,29.86,41.37,13.6
465,2018-04-20 09:00:00,10483,4.635,33.59,18.21,7.45,43.43,29.87,51.05,13.6
466,2018-04-20 10:00:00,10484,4.202,56.3,43.21,8.19,46.28,29.88,63.89,13.6
467,2018-04-20 11:00:00,10485,5.718,71.35,20.72,8.85,46.48,29.88,67.42,13.63
468,2018-04-20 12:00:00,10486,5.62,64.15,18.46,8.92,48.92,29.87,69.97,13.61
469,2018-04-20 13:00:00,10487,5.964,63.9,22.06,9.62,51.3,29.85,71.8,13.63
470,2018-04-20 14:00:00,10488,7.583,68.43,14.63,12.46,50.81,29.84,70.66,13.61
471,2018-04-20 15:00:00,10489,7.553,70.19,13.16,11.09,50.91,29.84,69.1,13.63
472,2018-04-20 16:00:00,10490,7.311,81.1,12.91,11.48,51.58,29.82,67.85,13.63
473,2018-04-20 17:00:00,10491,7.118,85.3,14.17,12.15,50.62,29.81,66.34,13.63
474,2018-04-20 18:00:00,10492,6.599,88.5,15.69,11.62,48.49,29.79,63.12,13.61
475,2018-04-20 19:00:00,10493,4.332,89.8,17.54,9.17,44.23,29.79,56.67,13.62
476,2018-04-20 20:00:00,10494,3.668,85.7,15.44,7.94,43.03,29.79,46.55,13.62
477,2018-04-20 21:00:00,10495,2.786,75.06,21.79,6.328,43.01,29.8,42.65,13.6
478,2018-04-20 22:00:00,10496,2.956,61.75,15.46,6.328,42.25,29.79,41.06,13.62
479,2018-04-20 23:00:00,10497,2.281,60.02,21.98,4.716,41.51,29.8,40.12,13.62
480,2018-04-21 00:00:00,10498,2.233,47.43,24.82,7.204,40.8,29.8,39.7,13.6
481,2018-04-21 01:00:00,10499,3.461,71.22,14.21,6.854,40.26,29.79,39.04,13.62
482,2018-04-21 02:00:00,10500,2.876,75.76,14.84,5.767,39.84,29.78,38.47,13.6
483,2018-04-21 03:00:00,10501,2.31,62.99,21.27,4.926,40.21,29.78,39.01,13.59
484,2018-04-21 04:00:00,10502,2.398,63.86,23.48,5.907,41.34,29.79,40.63,13.62
485,2018-04-21 05:00:00,10503,2.437,58.19,25.26,5.487,41.43,29.78,41.29,13.6
486,2018-04-21 06:00:00,10504,1.73,41.82,36.04,3.91,41.32,29.79,42.22,13.62
487,2018-04-21 07:00:00,10505,4.102,69.2,14.8,7.73,41.89,29.79,44.1,13.62
488,2018-04-21 08:00:00,10506,2.259,13.72,38.11,7.835,42.22,29.8,46.19,13.6
489,2018-04-21 09:00:00,10507,2.588,25.53,19.95,4.821,43.88,29.81,47.98,13.6
490,2018-04-21 10:00:00,10508,2.837,10.47,22.4,6.608,43.82,29.82,48.18,13.62
491,2018-04-21 11:00:00,10509,4.855,34.94,20.15,9.94,43.55,29.8,49.35,13.62
492,2018-04-21 12:00:00,10510,6.01,56.91,17.9,9.87,42.5,29.79,49.59,13.62
493,2018-04-21 13:00:00,10511,3.649,60.96,24.83,7.94,43.39,29.78,51.3,13.62
494,2018-04-21 14:00:00,10512,3.166,331.5,26.86,6.083,45.34,29.78,52.44,13.63
495,2018-04-21 15:00:00,10513,4.738,18.23,19.97,9.83,48.79,29.77,57.31,13.63
496,2018-04-21 16:00:00,10514,6.177,32.06,18.48,10.18,46.85,29.74,57.18,13.63
497,2018-04-21 17:00:00,10515,5.674,51.01,18.12,9.9,44.67,29.73,52.86,13.6
498,2018-04-21 18:00:00,10516,5.8,60.54,14.9,9.9,44.06,29.72,50.89,13.62
499,2018-04-21 19:00:00,10517,5.417,43.51,16.5,10.92,42.82,29.72,47.7,13.62
500,2018-04-21 20:00:00,10518,4.867,45.85,15.67,9.45,42.31,29.73,45.16,13.62
501,2018-04-21 21:00:00,10519,4.09,42.25,16.43,8.05,42.31,29.74,44.18,13.62
502,2018-04-21 22:00:00,10520,4.307,37.12,14.44,7.835,42.34,29.74,43.94,13.6
503,2018-04-21 23:00:00,10521,5.147,34.51,13.43,9.69,42.41,29.73,43.86,13.62
504,2018-04-22 00:00:00,10522,3.209,49.58,27.61,8.96,42.57,29.73,43.63,13.6
505,2018-04-22 01:00:00,10523,4.586,44.21,17.57,8.54,41.88,29.71,43.2,13.62
506,2018-04-22 02:00:00,10524,4.904,28.5,14.45,8.64,41.76,29.69,42.89,13.6
507,2018-04-22 03:00:00,10525,4.625,40.14,13.64,8.82,41.69,29.7,42.89,13.6
508,2018-04-22 04:00:00,10526,4.612,41.84,14.93,9.03,41.7,29.69,42.92,13.6
509,2018-04-22 05:00:00,10527,4.692,50.13,15.61,9.45,41.46,29.68,42.89,13.6
510,2018-04-22 06:00:00,10528,3.629,66.42,26.58,8.36,42.55,29.7,43.74,13.6
511,2018-04-22 07:00:00,10529,6.021,63.71,14.39,10.32,44.36,29.72,46.94,13.62
512,2018-04-22 08:00:00,10530,6.742,63.96,14.02,12.57,44.78,29.72,48.74,13.62
513,2018-04-22 09:00:00,10531,6.869,71.81,12.63,11.06,46.29,29.72,54.73,13.63
514,2018-04-22 10:00:00,10532,7.392,39.62,19.98,13.27,48.54,29.72,60.61,13.63
515,2018-04-22 11:00:00,10533,9.27,33.75,14.36,15.44,49.93,29.7,62.8,13.63
516,2018-04-22 12:00:00,10534,9.64,36.56,15.06,17.12,51.77,29.68,65.36,13.61
517,2018-04-22 13:00:00,10535,11.92,29.33,14.87,20.07,51.58,29.67,65.96,13.63
518,2018-04-22 14:00:00,10536,12.86,26.16,15.14,23.22,50.74,29.64,65.04,13.63
519,2018-04-22 15:00:00,10537,12.85,20.22,14.88,23.4,49.93,29.62,61.23,13.63
520,2018-04-22 16:00:00,10538,11.96,20.13,15.7,22.62,49.43,29.61,59.91,13.63
521,2018-04-22 17:00:00,10539,11.02,17.45,15.37,18.87,48.52,29.6,57.14,13.63
522,2018-04-22 18:00:00,10540,10.76,16.29,15.31,20.35,46.58,29.6,55.7,13.61
523,2018-04-22 19:00:00,10541,8.29,29.9,16.33,16.25,44.81,29.61,53.31,13.62
524,2018-04-22 20:00:00,10542,6.182,26.98,19.59,11.27,43.06,29.62,47.3,13.62
525,2018-04-22 21:00:00,10543,7.721,32.13,14.59,16.04,43.76,29.62,44.49,13.62
526,2018-04-22 22:00:00,10544,4.401,73.47,37.46,12.32,43.54,29.6,44.26,13.62
527,2018-04-22 23:00:00,10545,3.554,107.8,31.32,9.27,42.76,29.59,42.96,13.62
528,2018-04-23 00:00:00,10546,3.763,68.46,17.41,7.625,42.62,29.59,41.83,13.62
529,2018-04-23 01:00:00,10547,3.112,52.87,15.08,8.92,42.28,29.57,40.98,13.62
530,2018-04-23 02:00:00,10548,4.809,65.26,18.7,10.6,44.64,29.55,42.22,13.62
531,2018-04-23 03:00:00,10549,4.985,53.47,18.26,12.15,44.42,29.55,42.89,13.62
532,2018-04-23 04:00:00,10550,6.0,36.97,13.68,10.6,43.0,29.55,42.96,13.6
533,2018-04-23 05:00:00,10551,6.914,32.18,13.91,12.22,42.65,29.55,42.77,13.62
534,2018-04-23 06:00:00,10552,9.41,24.98,12.01,17.33,42.81,29.56,43.98,13.62
535,2018-04-23 07:00:00,10553,9.95,23.65,13.5,16.25,43.41,29.56,45.79,13.62
536,2018-04-23 08:00:00,10554,10.46,15.75,13.73,19.4,44.0,29.55,47.94,13.62
537,2018-04-23 09:00:00,10555,10.69,13.84,17.14,19.09,44.97,29.55,50.16,13.6
538,2018-04-23 10:00:00,10556,10.15,11.78,19.99,19.16,45.04,29.54,54.6,13.6
539,2018-04-23 11:00:00,10557,11.74,15.26,17.71,19.16,46.5,29.53,59.91,13.63
540,2018-04-23 12:00:00,10558,11.6,14.22,18.84,19.19,47.39,29.5,61.1,13.63
541,2018-04-23 13:00:00,10559,10.94,5.288,21.34,18.66,47.32,29.49,61.01,13.61
542,2018-04-23 14:00:00,10560,10.84,359.0,21.84,20.87,48.2,29.48,60.13,13.62
543,2018-04-23 15:00:00,10561,10.05,5.688,21.55,18.84,49.01,29.47,58.08,13.63
544,2018-04-23 16:00:00,10562,10.04,9.06,19.58,19.4,48.89,29.46,56.5,13.6
545,2018-04-23 17:00:00,10563,9.0,19.8,21.44,17.89,47.25,29.47,55.15,13.63
546,2018-04-23 18:00:00,10564,7.389,25.88,18.34,14.32,45.59,29.47,52.12,13.61
547,2018-04-23 19:00:00,10565,4.557,15.56,19.21,7.59,44.52,29.48,49.23,13.6
548,2018-04-23 20:00:00,10566,4.57,6.468,18.31,9.24,45.17,29.47,47.26,13.61
549,2018-04-23 21:00:00,10567,4.265,17.01,17.49,8.68,46.0,29.47,47.62,13.62
550,2018-04-23 22:00:00,10568,4.235,14.2,18.0,8.57,46.02,29.46,47.66,13.6
551,2018-04-23 23:00:00,10569,3.526,36.18,36.5,7.695,46.34,29.46,48.18,13.62
552,2018-04-24 00:00:00,10570,4.164,17.33,15.68,7.975,45.6,29.45,47.98,13.62
553,2018-04-24 01:00:00,10571,3.476,14.41,18.84,7.555,46.28,29.43,48.1,13.6
554,2018-04-24 02:00:00,10572,6.397,15.29,12.52,11.02,44.7,29.42,47.74,13.6
555,2018-04-24 03:00:00,10573,5.462,16.9,14.14,9.9,44.12,29.43,46.94,13.6
556,2018-04-24 04:00:00,10574,4.409,22.24,16.48,8.47,43.44,29.41,46.15,13.6
557,2018-04-24 05:00:00,10575,5.343,21.56,13.81,10.22,42.98,29.41,44.61,13.62
558,2018-04-24 06:00:00,10576,5.275,16.82,15.28,8.82,42.95,29.42,44.45,13.62
559,2018-04-24 07:00:00,10577,4.676,11.7,20.67,9.31,44.92,29.42,48.38,13.62
560,2018-04-24 08:00:00,10578,5.12,14.74,17.78,9.31,48.17,29.42,51.09,13.63
561,2018-04-24 09:00:00,10579,7.459,21.78,16.36,12.92,49.82,29.42,56.93,13.6
562,2018-04-24 10:00:00,10580,8.44,18.32,15.78,14.32,50.97,29.41,63.43,13.6
563,2018-04-24 11:00:00,10581,8.72,16.36,18.01,13.69,52.09,29.4,66.76,13.63
564,2018-04-24 12:00:00,10582,8.59,12.19,19.35,14.0,50.57,29.4,64.53,13.61
565,2018-04-24 13:00:00,10583,9.15,14.92,18.51,16.91,52.68,29.38,67.85,13.61
566,2018-04-24 14:00:00,10584,8.93,5.947,23.27,16.42,51.49,29.37,67.85,13.61
567,2018-04-24 15:00:00,10585,9.42,9.68,20.12,14.88,51.63,29.36,64.81,13.63
568,2018-04-24 16:00:00,10586,9.36,16.77,16.65,15.41,51.18,29.35,64.81,13.61
569,2018-04-24 17:00:00,10587,8.21,23.85,13.85,14.04,51.29,29.36,63.12,13.61
570,2018-04-24 18:00:00,10588,7.358,31.04,17.54,14.07,51.85,29.35,60.92,13.61
571,2018-04-24 19:00:00,10589,5.938,21.33,16.48,10.92,47.68,29.36,59.17,13.63
572,2018-04-24 20:00:00,10590,5.974,16.87,15.34,10.74,46.94,29.37,51.5,13.6
573,2018-04-24 21:00:00,10591,5.005,13.38,26.34,9.94,45.11,29.37,48.22,13.6
574,2018-04-24 22:00:00,10592,6.157,13.5,17.61,11.41,44.34,29.37,46.23,13.6
575,2018-04-24 23:00:00,10593,5.411,11.81,20.61,10.85,42.76,29.37,45.4,13.6
576,2018-04-25 00:00:00,10594,7.594,355.5,20.65,19.93,42.85,29.38,44.85,13.62
577,2018-04-25 01:00:00,10595,13.03,342.3,18.24,26.13,43.41,29.39,45.28,13.6
578,2018-04-25 02:00:00,10596,12.14,346.0,20.45,26.83,43.24,29.38,45.48,13.62
579,2018-04-25 03:00:00,10597,11.37,354.3,22.45,23.12,42.25,29.39,45.32,13.62
580,2018-04-25 04:00:00,10598,11.51,357.5,22.46,25.81,42.02,29.39,44.69,13.62
581,2018-04-25 05:00:00,10599,11.45,352.8,22.03,26.23,41.25,29.41,44.18,13.62
582,2018-04-25 06:00:00,10600,11.76,355.4,22.58,24.69,41.08,29.43,42.57,13.62
583,2018-04-25 07:00:00,10601,11.18,353.0,22.17,24.9,40.92,29.45,42.34,13.6
584,2018-04-25 08:00:00,10602,12.29,358.6,23.65,25.74,41.92,29.46,43.24,13.6
585,2018-04-25 09:00:00,10603,12.92,5.535,22.08,25.01,42.22,29.48,48.42,13.6
586,2018-04-25 10:00:00,10604,12.32,4.527,23.82,24.97,42.45,29.48,53.94,13.6
587,2018-04-25 11:00:00,10605,12.39,358.6,24.62,27.32,42.8,29.48,56.08,13.6
588,2018-04-25 12:00:00,10606,13.21,4.992,22.47,26.55,43.34,29.48,56.8,13.63
589,2018-04-25 13:00:00,10607,11.97,9.27,23.04,23.05,43.55,29.47,57.23,13.6
590,2018-04-25 14:00:00,10608,12.54,28.19,16.31,20.77,43.53,29.45,57.14,13.6
591,2018-04-25 15:00:00,10609,11.27,28.28,18.43,18.8,43.07,29.43,56.29,13.6
592,2018-04-25 16:00:00,10610,11.12,26.46,17.34,19.47,42.06,29.43,55.27,13.6
593,2018-04-25 17:00:00,10611,8.57,27.55,17.55,16.07,41.79,29.42,53.43,13.6
594,2018-04-25 18:00:00,10612,7.243,27.6,18.44,11.9,41.53,29.42,52.36,13.63
595,2018-04-25 19:00:00,10613,6.753,26.52,16.91,12.43,40.31,29.41,49.71,13.6
596,2018-04-25 20:00:00,10614,4.501,16.47,18.35,8.08,39.91,29.4,43.59,13.62
597,2018-04-25 21:00:00,10615,3.445,5.934,17.83,6.048,39.89,29.39,40.4,13.62
598,2018-04-25 22:00:00,10616,2.092,335.8,26.15,3.805,40.49,29.38,39.27,13.62
599,2018-04-25 23:00:00,10617,1.839,326.5,24.72,4.12,40.68,29.36,38.58,13.62
600,2018-04-26 00:00:00,10618,1.443,312.1,41.67,2.999,40.16,29.35,38.23,13.6
601,2018-04-26 01:00:00,10619,1.133,250.3,47.77,2.613,38.58,29.33,37.7,13.62
602,2018-04-26 02:00:00,10620,1.868,344.3,20.02,4.26,39.07,29.32,36.73,13.59
603,2018-04-26 03:00:00,10621,1.372,296.4,49.26,4.891,37.74,29.32,36.58,13.62
604,2018-04-26 04:00:00,10622,1.274,222.5,37.65,3.349,36.54,29.31,35.77,13.59
605,2018-04-26 05:00:00,10623,1.678,297.3,22.72,2.683,36.7,29.31,34.82,13.59
606,2018-04-26 06:00:00,10624,2.363,294.6,18.2,4.12,38.34,29.32,36.31,13.59
607,2018-04-26 07:00:00,10625,2.301,316.1,38.83,7.099,41.92,29.33,40.17,13.62
608,2018-04-26 08:00:00,10626,5.21,34.75,20.13,9.03,44.68,29.33,44.22,13.62
609,2018-04-26 09:00:00,10627,5.275,61.86,23.01,9.73,45.8,29.34,53.48,13.6
610,2018-04-26 10:00:00,10628,5.452,71.15,18.67,9.34,46.54,29.34,64.39,13.62
611,2018-04-26 11:00:00,10629,5.212,71.6,18.72,8.64,47.59,29.34,68.14,13.63
612,2018-04-26 12:00:00,10630,5.715,75.39,14.26,8.57,50.02,29.32,72.71,13.61
613,2018-04-26 13:00:00,10631,6.351,73.95,15.89,10.25,55.04,29.3,75.49,13.63
614,2018-04-26 14:00:00,10632,8.4,73.16,10.87,13.02,56.25,29.27,75.44,13.63
615,2018-04-26 15:00:00,10633,7.322,82.9,15.28,12.53,57.32,29.25,73.93,13.63
616,2018-04-26 16:00:00,10634,7.047,89.7,17.21,13.69,58.07,29.24,73.62,13.63
617,2018-04-26 17:00:00,10635,5.833,87.0,15.47,11.87,56.39,29.22,72.71,13.63
618,2018-04-26 18:00:00,10636,3.968,89.5,17.48,7.59,54.86,29.21,64.71,13.63
619,2018-04-26 19:00:00,10637,2.543,92.3,18.12,5.557,52.98,29.21,59.87,13.63
620,2018-04-26 20:00:00,10638,1.839,121.1,20.82,4.225,52.52,29.21,54.65,13.63
621,2018-04-26 21:00:00,10639,4.275,154.4,13.4,7.905,55.67,29.2,53.39,13.63
622,2018-04-26 22:00:00,10640,4.945,168.9,12.31,8.68,55.03,29.19,53.6,13.63
623,2018-04-26 23:00:00,10641,4.406,174.8,11.05,7.625,53.23,29.17,53.35,13.63
624,2018-04-27 00:00:00,10642,4.568,186.7,12.67,8.71,52.74,29.16,52.57,13.63
625,2018-04-27 01:00:00,10643,5.267,187.8,13.74,10.85,52.61,29.13,52.53,13.63
626,2018-04-27 02:00:00,10644,5.547,186.8,14.37,9.97,52.54,29.1,52.24,13.63
627,2018-04-27 03:00:00,10645,5.434,210.1,27.54,9.76,52.37,29.09,52.44,13.63
628,2018-04-27 04:00:00,10646,11.54,336.7,39.45,27.36,45.17,29.13,52.2,13.62
629,2018-04-27 05:00:00,10647,14.28,343.9,18.12,29.77,41.44,29.15,46.94,13.62
630,2018-04-27 06:00:00,10648,12.88,343.9,19.13,26.76,42.25,29.16,43.47,13.62
631,2018-04-27 07:00:00,10649,13.31,344.4,17.34,24.59,42.92,29.18,44.49,13.6
632,2018-04-27 08:00:00,10650,12.9,345.8,20.46,26.06,43.32,29.2,44.81,13.62
633,2018-04-27 09:00:00,10651,12.77,352.7,21.95,29.18,44.27,29.22,50.93,13.6
634,2018-04-27 10:00:00,10652,12.02,358.1,22.92,23.78,46.42,29.23,57.96,13.62
635,2018-04-27 11:00:00,10653,11.4,5.573,23.3,21.36,46.08,29.24,59.08,13.63
636,2018-04-27 12:00:00,10654,11.29,29.37,21.44,20.21,45.44,29.22,60.04,13.6
637,2018-04-27 13:00:00,10655,10.2,31.36,21.04,17.65,45.14,29.21,60.57,13.62
638,2018-04-27 14:00:00,10656,8.63,67.01,20.37,15.93,45.45,29.19,62.17,13.6
639,2018-04-27 15:00:00,10657,8.91,71.73,17.76,14.7,46.19,29.17,62.76,13.63
640,2018-04-27 16:00:00,10658,9.34,75.63,17.95,15.62,45.61,29.15,62.62,13.61
641,2018-04-27 17:00:00,10659,8.81,65.96,17.08,15.69,43.77,29.15,59.12,13.6
642,2018-04-27 18:00:00,10660,9.24,63.49,16.9,17.16,42.48,29.15,51.21,13.62
643,2018-04-27 19:00:00,10661,10.65,79.82,17.38,21.12,41.73,29.12,45.75,13.62
644,2018-04-27 20:00:00,10662,10.21,37.04,17.81,21.33,41.66,29.17,42.61,13.62
645,2018-04-27 21:00:00,10663,10.73,41.38,23.63,19.4,41.13,29.18,42.22,13.6
646,2018-04-27 22:00:00,10664,12.8,21.53,15.68,23.82,40.04,29.21,41.87,13.61
647,2018-04-27 23:00:00,10665,12.03,15.4,17.69,21.4,39.98,29.23,41.21,13.62
648,2018-04-28 00:00:00,10666,6.538,0.408,22.6,17.93,40.65,29.24,41.44,13.62
649,2018-04-28 01:00:00,10667,10.22,348.9,20.79,25.78,40.7,29.25,41.09,13.6
650,2018-04-28 02:00:00,10668,11.76,349.7,20.06,22.91,40.07,29.26,40.36,13.6
651,2018-04-28 03:00:00,10669,10.99,348.9,20.99,22.84,38.84,29.28,39.66,13.62
652,2018-04-28 04:00:00,10670,10.52,352.9,22.29,20.87,38.35,29.3,38.73,13.6
653,2018-04-28 05:00:00,10671,10.49,352.8,21.79,21.26,38.29,29.33,38.35,13.62
654,2018-04-28 06:00:00,10672,10.86,359.8,22.08,25.92,37.96,29.36,39.12,13.62
655,2018-04-28 07:00:00,10673,11.16,356.7,22.76,26.13,38.53,29.4,40.24,13.6
656,2018-04-28 08:00:00,10674,11.47,353.6,23.51,24.13,39.34,29.42,40.43,13.6
657,2018-04-28 09:00:00,10675,12.54,357.6,22.69,23.68,39.99,29.45,45.83,13.62
658,2018-04-28 10:00:00,10676,12.54,356.2,24.16,24.45,40.3,29.48,52.24,13.6
659,2018-04-28 11:00:00,10677,13.26,1.528,22.98,26.02,40.66,29.51,52.82,13.6
660,2018-04-28 12:00:00,10678,13.54,0.83,23.47,24.83,40.93,29.52,54.19,13.63
661,2018-04-28 13:00:00,10679,13.25,360.0,23.29,26.76,41.72,29.54,55.19,13.63
662,2018-04-28 14:00:00,10680,13.59,20.11,19.35,21.99,42.37,29.55,54.89,13.6
663,2018-04-28 15:00:00,10681,12.44,22.59,20.33,21.54,42.28,29.55,54.27,13.6
664,2018-04-28 16:00:00,10682,13.03,21.49,15.55,22.06,42.28,29.56,54.06,13.6
665,2018-04-28 17:00:00,10683,12.34,22.26,17.66,20.77,41.48,29.57,52.53,13.62
666,2018-04-28 18:00:00,10684,10.05,25.83,16.44,17.65,41.52,29.58,50.6,13.62
667,2018-04-28 19:00:00,10685,8.55,26.11,14.75,15.19,40.85,29.59,47.98,13.6
668,2018-04-28 20:00:00,10686,5.679,19.89,17.58,10.99,40.86,29.6,43.43,13.6
669,2018-04-28 21:00:00,10687,4.945,9.64,17.94,9.8,40.11,29.61,40.59,13.6
670,2018-04-28 22:00:00,10688,4.585,13.51,16.25,8.89,39.89,29.62,39.2,13.62
671,2018-04-28 23:00:00,10689,3.861,352.7,23.26,7.695,39.88,29.63,38.47,13.6
672,2018-04-29 00:00:00,10690,3.84,2.326,20.58,7.87,39.29,29.64,37.89,13.62
673,2018-04-29 01:00:00,10691,4.777,8.14,18.67,9.94,38.58,29.64,37.58,13.59
674,2018-04-29 02:00:00,10692,5.795,8.6,18.74,11.2,38.31,29.65,37.39,13.62
675,2018-04-29 03:00:00,10693,4.802,358.6,20.05,10.18,38.02,29.66,37.23,13.6
676,2018-04-29 04:00:00,10694,4.71,9.54,16.9,9.27,37.11,29.67,36.62,13.62
677,2018-04-29 05:00:00,10695,3.979,355.8,19.91,8.08,36.75,29.69,35.93,13.59
678,2018-04-29 06:00:00,10696,5.244,12.03,17.53,11.87,37.38,29.7,36.54,13.62
679,2018-04-29 07:00:00,10697,8.84,20.19,14.13,14.39,38.46,29.73,38.62,13.6
680,2018-04-29 08:00:00,10698,8.95,27.59,17.01,14.21,39.33,29.74,39.97,13.62
681,2018-04-29 09:00:00,10699,8.2,40.23,20.06,14.42,40.55,29.74,46.86,13.62
682,2018-04-29 10:00:00,10700,7.571,52.47,24.21,12.6,41.3,29.75,56.55,13.6
683,2018-04-29 11:00:00,10701,7.703,69.35,20.22,12.81,41.67,29.74,59.91,13.6
684,2018-04-29 12:00:00,10702,6.694,72.15,22.14,12.5,42.61,29.73,63.75,13.61
685,2018-04-29 13:00:00,10703,6.261,65.93,21.52,10.88,45.01,29.72,66.29,13.63
686,2018-04-29 14:00:00,10704,6.275,64.22,20.06,9.83,46.74,29.7,66.1,13.63
687,2018-04-29 15:00:00,10705,5.934,67.56,18.25,10.85,48.03,29.68,66.9,13.63
688,2018-04-29 16:00:00,10706,5.19,72.07,19.39,9.45,50.29,29.66,66.57,13.63
689,2018-04-29 17:00:00,10707,5.408,77.26,15.49,8.5,50.39,29.64,66.53,13.62
690,2018-04-29 18:00:00,10708,5.441,71.95,13.63,8.43,48.16,29.62,64.21,13.63
691,2018-04-29 19:00:00,10709,5.599,81.5,15.55,10.25,45.45,29.61,59.52,13.6
692,2018-04-29 20:00:00,10710,4.838,99.4,17.88,10.71,43.36,29.6,50.36,13.62
693,2018-04-29 21:00:00,10711,2.72,104.5,21.31,7.87,43.49,29.59,44.1,13.6
694,2018-04-29 22:00:00,10712,2.298,151.2,32.03,4.225,43.6,29.59,42.06,13.63
695,2018-04-29 23:00:00,10713,3.092,162.6,16.25,5.802,43.4,29.59,41.44,13.62
696,2018-04-30 00:00:00,10714,2.381,150.3,16.43,7.344,42.97,29.59,41.09,13.62
697,2018-04-30 01:00:00,10715,2.962,173.2,17.99,5.171,41.96,29.58,40.24,13.62
698,2018-04-30 02:00:00,10716,3.528,162.3,16.24,7.695,41.95,29.58,39.74,13.62
699,2018-04-30 03:00:00,10717,4.726,167.8,16.02,10.11,43.27,29.57,40.67,13.62
700,2018-04-30 04:00:00,10718,3.881,193.7,15.17,6.924,41.63,29.58,40.59,13.62
701,2018-04-30 05:00:00,10719,3.904,188.4,13.89,6.503,40.05,29.58,39.43,13.6
702,2018-04-30 06:00:00,10720,4.067,192.8,14.16,10.6,41.72,29.59,39.97,13.61
703,2018-04-30 07:00:00,10721,5.542,189.4,16.67,11.59,47.55,29.6,46.11,13.62
704,2018-04-30 08:00:00,10722,7.79,194.4,15.71,14.67,54.23,29.6,53.11,13.6
705,2018-04-30 09:00:00,10723,10.13,198.2,16.86,19.86,60.36,29.58,63.75,13.63
706,2018-04-30 10:00:00,10724,11.68,198.6,17.69,22.98,63.79,29.56,72.96,13.63
707,2018-04-30 11:00:00,10725,11.41,202.2,17.7,21.85,66.96,29.54,77.4,13.64
708,2018-04-30 12:00:00,10726,12.22,203.8,17.3,21.33,70.54,29.51,81.0,13.63
709,2018-04-30 13:00:00,10727,11.08,200.1,18.81,22.69,73.41,29.49,84.3,13.64
710,2018-04-30 14:00:00,10728,12.25,197.5,18.73,23.19,75.83,29.45,85.6,13.64
711,2018-04-30 15:00:00,10729,12.34,198.0,19.0,22.34,77.68,29.42,86.7,13.64
712,2018-04-30 16:00:00,10730,11.68,198.9,18.25,22.98,78.11,29.4,86.5,13.64
713,2018-04-30 17:00:00,10731,11.89,195.7,17.34,24.24,78.82,29.38,85.7,13.64
714,2018-04-30 18:00:00,10732,10.59,193.1,17.01,22.94,77.95,29.36,85.2,13.64
715,2018-04-30 19:00:00,10733,10.58,181.8,14.68,21.08,75.1,29.35,81.8,13.64
716,2018-04-30 20:00:00,10734,10.48,182.3,14.58,18.94,71.59,29.35,76.01,13.64
717,2018-04-30 21:00:00,10735,10.63,187.5,15.37,21.36,69.38,29.35,71.8,13.64
718,2018-04-30 22:00:00,10736,9.56,190.5,16.01,17.93,66.74,29.35,68.81,13.63
719,2018-04-30 23:00:00,10737,10.75,193.0,14.79,22.13,65.12,29.35,66.2,13.63
