TOA5/TIMESTAMP/TS,Weather Tower RECORD RN,AWS-Mph-WVc,AWD-Deg-WVC,SIG-Deg-WVc,Gust-Mph-Max,AvgT-Deg_F-Avg,ABP-InHg-Avg,Ltemp-Deg_F-Max,Batt-Vdc-Min
3/1/2017 0:00,514,8.49,248.9,55.09,44.35,52.46,28.9,55.23,13.62
3/1/2017 1:00,515,4.311,171.9,24.86,9.8,52.26,28.85,53.64,13.62
3/1/2017 2:00,516,4.86,201.1,16.05,10.01,52.21,28.84,53.27,13.62
3/1/2017 3:00,517,4.395,206.2,17.19,10.29,52.47,28.82,53.27,13.62
3/1/2017 4:00,518,4.723,197.6,18.1,9.31,52.12,28.8,52.86,13.62
3/1/2017 5:00,519,8.89,317.8,91.1,20.03,46.4,28.8,52.57,13.61
3/1/2017 6:00,520,9.35,358.6,21.11,18.77,38.23,28.83,47.62,13.61
3/1/2017 7:00,521,8.38,350.8,19.69,18.98,38.23,28.83,41.95,13.61
3/1/2017 8:00,522,6.093999999999999,0.6920000000000001,21.06,12.6,38.91,28.83,41.02,13.61
3/1/2017 9:00,523,3.927,353.0,22.15,9.45,38.77,28.86,41.17,13.61
3/1/2017 10:00,524,3.4389999999999996,339.4,48.48,9.59,39.54,28.88,42.45,13.62
3/1/2017 11:00,525,8.76,294.3,56.3,30.51,40.84,28.92,42.85,13.62
3/1/2017 12:00,526,14.52,278.6,12.3,28.51,41.44,28.96,43.71,13.62
3/1/2017 13:00,527,14.25,275.4,12.66,24.94,41.43,28.98,44.06,13.62
3/1/2017 14:00,528,15.53,272.0,13.5,28.51,40.46,29.0,44.06,13.47
3/1/2017 15:00,529,13.9,269.1,14.71,28.44,39.01,29.03,42.73,13.62
3/1/2017 16:00,530,16.1,265.6,14.04,33.35,37.69,29.06,41.09,13.49
3/1/2017 17:00,531,18.43,280.9,13.1,32.96,36.09,29.12,39.82,13.49
3/1/2017 18:00,532,16.37,298.9,17.42,33.17,33.91,29.19,38.08,13.48
3/1/2017 19:00,533,15.96,300.8,16.26,29.81,32.38,29.26,36.08,13.48
3/1/2017 20:00,534,13.39,301.2,15.31,29.0,33.45,29.3,35.01,13.62
3/1/2017 21:00,535,13.86,302.7,18.08,30.55,33.97,29.34,35.47,13.62
3/1/2017 22:00,536,12.65,305.5,17.54,25.64,33.6,29.38,35.47,13.61
3/1/2017 23:00,537,9.05,311.6,21.66,25.71,33.58,29.4,35.24,13.61
3/2/2017 0:00,538,8.58,316.8,24.65,19.54,33.31,29.42,35.01,13.6
3/2/2017 1:00,539,5.652,318.3,27.47,15.26,32.79,29.44,34.51,13.61
3/2/2017 2:00,540,6.919,308.0,20.87,15.44,32.15,29.45,34.13,13.6
3/2/2017 3:00,541,7.23,293.9,16.69,14.21,30.41,29.46,32.4,13.6
3/2/2017 4:00,542,6.007999999999999,279.3,11.92,11.9,29.77,29.47,30.22,13.6
3/2/2017 5:00,543,6.466,285.0,13.08,13.34,30.42,29.49,31.29,13.6
3/2/2017 6:00,544,6.36,279.4,11.19,11.27,30.42,29.5,31.75,13.6
3/2/2017 7:00,545,6.287999999999999,306.0,20.71,13.02,30.43,29.51,32.02,13.6
3/2/2017 8:00,546,5.65,313.7,24.27,12.67,30.4,29.54,32.32,13.6
3/2/2017 9:00,547,6.233,314.8,25.56,14.07,30.25,29.58,33.59,13.6
3/2/2017 10:00,548,6.766,315.3,26.36,14.49,30.53,29.6,38.66,13.6
3/2/2017 11:00,549,6.25,306.8,28.52,12.6,32.0,29.62,48.3,13.6
3/2/2017 12:00,550,5.343,25.18,31.75,10.99,32.48,29.63,49.39,13.61
3/2/2017 13:00,551,6.832999999999999,24.51,21.83,14.25,31.7,29.63,43.2,13.61
3/2/2017 14:00,552,7.39,31.82,21.9,13.72,31.53,29.63,38.35,13.61
3/2/2017 15:00,553,4.8839999999999995,35.27,50.27,10.18,31.38,29.64,36.62,13.61
3/2/2017 16:00,554,9.71,287.3,16.57,20.91,32.81,29.64,36.7,13.61
3/2/2017 17:00,555,8.89,299.2,25.97,15.79,32.36,29.65,36.54,13.6
3/2/2017 18:00,556,8.66,295.4,17.93,16.88,31.65,29.67,34.85,13.6
3/2/2017 19:00,557,6.859,298.7,19.82,16.39,30.8,29.69,32.98,13.6
3/2/2017 20:00,558,7.619,286.5,13.72,14.32,30.51,29.69,31.67,13.6
3/2/2017 21:00,559,5.9879999999999995,281.8,10.84,10.71,30.14,29.7,30.03,13.61
3/2/2017 22:00,560,7.261,300.4,16.83,17.47,30.11,29.71,28.99,13.61
3/2/2017 23:00,561,8.25,322.0,25.8,18.35,29.09,29.72,29.57,13.61
3/3/2017 0:00,562,8.11,315.1,23.26,22.48,28.06,29.73,29.03,13.6
3/3/2017 1:00,563,9.75,306.3,17.73,20.21,27.65,29.74,27.49,13.6
3/3/2017 2:00,564,10.29,305.6,18.11,21.12,26.8,29.76,26.72,13.6
3/3/2017 3:00,565,8.44,321.4,25.95,19.96,25.88,29.77,26.02,13.6
3/3/2017 4:00,566,9.26,318.7,25.15,20.94,24.58,29.79,25.02,13.6
3/3/2017 5:00,567,8.53,323.0,26.84,19.65,23.48,29.82,23.93,13.6
3/3/2017 6:00,568,7.928999999999999,310.1,20.53,19.33,22.73,29.85,22.87,13.6
3/3/2017 7:00,569,7.986000000000001,308.5,20.66,16.95,22.14,29.88,21.9,13.6
3/3/2017 8:00,570,8.53,325.1,25.37,17.75,22.21,29.9,22.05,13.6
3/3/2017 9:00,571,8.68,324.0,25.27,18.07,22.97,29.92,31.91,13.6
3/3/2017 10:00,572,8.5,315.0,24.73,18.03,24.22,29.94,36.92,13.6
3/3/2017 11:00,573,6.9239999999999995,321.8,26.86,15.58,25.67,29.95,45.0,13.6
3/3/2017 12:00,574,6.404,300.0,33.98,14.84,27.13,29.96,47.34,13.61
3/3/2017 13:00,575,5.67,22.23,75.69,13.27,28.56,29.95,50.48,13.61
3/3/2017 14:00,576,8.22,70.13,16.66,13.76,28.31,29.94,50.16,13.62
3/3/2017 15:00,577,7.428999999999999,69.23,18.64,13.58,29.06,29.93,47.66,13.61
3/3/2017 16:00,578,7.3229999999999995,72.45,18.46,12.36,29.69,29.92,45.68,13.61
3/3/2017 17:00,579,6.654,72.54,17.04,11.06,29.23,29.92,42.81,13.61
3/3/2017 18:00,580,4.89,87.3,20.65,8.89,28.42,29.91,38.35,13.6
3/3/2017 19:00,581,4.02,98.4,18.78,8.4,28.38,29.9,30.41,13.6
3/3/2017 20:00,582,2.778,148.2,23.25,6.188,29.2,29.91,29.76,13.61
3/3/2017 21:00,583,2.536,151.8,13.63,4.751,29.63,29.91,30.6,13.61
3/3/2017 22:00,584,2.305,166.0,24.69,5.242000000000001,29.97,29.92,31.14,13.6
3/3/2017 23:00,585,2.378,190.9,22.25,4.26,30.38,29.92,31.45,13.6
3/4/2017 0:00,586,3.0610000000000004,193.2,19.41,6.643,30.42,29.92,31.75,13.61
3/4/2017 1:00,587,5.443,192.4,24.24,10.46,29.83,29.92,31.79,13.61
3/4/2017 2:00,588,4.505,186.8,15.88,8.92,28.5,29.92,31.52,13.61
3/4/2017 3:00,589,4.234,159.6,21.52,7.8,27.67,29.9,30.52,13.61
3/4/2017 4:00,590,4.399,130.7,17.42,10.36,28.33,29.89,30.18,13.61
3/4/2017 5:00,591,5.093,107.6,23.76,12.01,29.12,29.87,30.79,13.61
3/4/2017 6:00,592,5.156000000000001,136.0,37.32,12.43,29.38,29.87,31.18,13.61
3/4/2017 7:00,593,6.025,138.2,19.16,12.01,29.11,29.88,31.02,13.6
3/4/2017 8:00,594,7.226,142.7,18.06,16.46,29.82,29.89,32.32,13.61
3/4/2017 9:00,595,8.73,147.8,17.42,17.82,31.11,29.9,35.31,13.61
3/4/2017 10:00,596,10.47,144.6,16.43,18.77,33.6,29.9,43.16,13.61
3/4/2017 11:00,597,10.78,145.5,18.81,19.89,36.08,29.89,51.46,13.61
3/4/2017 12:00,598,8.37,112.3,28.63,18.98,38.53,29.87,57.1,13.61
3/4/2017 13:00,599,8.96,117.2,28.23,19.01,40.04,29.84,57.7,13.61
3/4/2017 14:00,600,8.69,133.0,24.73,18.56,41.4,29.82,57.61,13.61
3/4/2017 15:00,601,8.3,119.7,25.2,18.8,40.95,29.8,54.27,13.61
3/4/2017 16:00,602,7.945,115.3,26.7,17.58,40.57,29.8,51.75,13.61
3/4/2017 17:00,603,8.76,124.6,23.16,19.33,40.19,29.8,49.67,13.62
3/4/2017 18:00,604,8.29,126.8,21.45,18.98,37.63,29.79,47.18,13.61
3/4/2017 19:00,605,9.39,126.9,19.38,20.94,35.65,29.79,39.86,13.61
3/4/2017 20:00,606,11.46,127.6,19.58,26.87,33.99,29.78,36.01,13.6
3/4/2017 21:00,607,10.72,129.9,19.48,22.06,33.34,29.77,34.24,13.61
3/4/2017 22:00,608,9.67,135.3,18.27,19.96,32.8,29.76,33.4,13.61
3/4/2017 23:00,609,10.36,141.5,17.38,19.72,33.04,29.75,33.13,13.61
3/5/2017 0:00,610,10.3,142.6,16.77,21.64,33.56,29.73,33.13,13.61
3/5/2017 1:00,611,9.05,140.7,17.51,17.37,33.55,29.71,33.13,13.61
3/5/2017 2:00,612,9.27,146.2,16.23,19.68,33.46,29.7,33.02,13.61
3/5/2017 3:00,613,8.48,149.1,17.29,18.94,32.79,29.67,32.98,13.61
3/5/2017 4:00,614,7.787000000000001,148.5,16.24,16.42,32.13,29.65,32.63,13.61
3/5/2017 5:00,615,9.39,154.3,15.75,22.03,32.0,29.63,32.29,13.61
3/5/2017 6:00,616,9.75,159.8,17.08,20.77,32.05,29.62,32.32,13.61
3/5/2017 7:00,617,9.58,164.9,16.05,18.52,32.76,29.62,32.83,13.61
3/5/2017 8:00,618,10.41,170.1,15.19,20.91,34.65,29.61,35.16,13.61
3/5/2017 9:00,619,11.94,175.1,15.2,21.4,38.66,29.6,41.64,13.61
3/5/2017 10:00,620,11.93,178.1,14.89,20.84,43.63,29.58,49.43,13.62
3/5/2017 11:00,621,11.98,179.2,16.43,21.64,48.85,29.56,55.36,13.62
3/5/2017 12:00,622,11.42,180.3,15.81,22.38,54.19,29.54,61.23,13.62
3/5/2017 13:00,623,11.24,195.2,16.87,22.03,58.0,29.5,62.35,13.63
3/5/2017 14:00,624,12.1,184.2,15.74,24.13,59.43,29.46,62.71,13.63
3/5/2017 15:00,625,11.07,195.2,19.55,25.78,59.88,29.44,62.89,13.63
3/5/2017 16:00,626,8.56,207.3,15.28,20.42,58.41,29.42,62.13,13.63
3/5/2017 17:00,627,13.4,211.8,13.24,25.5,58.19,29.42,60.88,13.63
3/5/2017 18:00,628,14.65,208.9,15.13,25.39,56.67,29.43,59.82,13.63
3/5/2017 19:00,629,13.11,207.0,14.21,27.25,55.62,29.44,58.43,13.63
3/5/2017 20:00,630,12.49,201.6,16.19,31.49,54.43,29.43,56.8,13.62
3/5/2017 21:00,631,12.76,205.6,15.48,26.44,54.83,29.43,55.57,13.62
3/5/2017 22:00,632,14.93,207.9,14.72,28.41,54.06,29.44,55.66,13.62
3/5/2017 23:00,633,14.58,207.4,14.2,30.16,52.79,29.44,55.27,13.47
3/6/2017 0:00,634,13.06,208.3,15.56,27.01,52.35,29.44,54.35,13.62
3/6/2017 1:00,635,11.95,205.6,15.17,24.9,52.03,29.43,53.69,13.62
3/6/2017 2:00,636,11.21,201.8,15.53,23.78,51.69,29.42,53.39,13.62
3/6/2017 3:00,637,11.18,195.7,16.15,22.52,51.68,29.4,53.19,13.62
3/6/2017 4:00,638,10.91,195.8,15.78,21.85,51.68,29.38,52.86,13.62
3/6/2017 5:00,639,12.46,194.0,15.8,24.94,51.68,29.37,52.86,13.62
3/6/2017 6:00,640,12.98,192.0,15.15,24.55,51.69,29.35,52.78,13.62
3/6/2017 7:00,641,11.95,191.8,15.36,22.73,52.0,29.34,53.11,13.62
3/6/2017 8:00,642,11.31,195.8,15.41,24.13,53.11,29.34,54.48,13.62
3/6/2017 9:00,643,13.03,197.2,15.87,27.39,54.02,29.33,55.48,13.62
3/6/2017 10:00,644,13.03,193.7,15.74,26.69,54.54,29.32,56.42,13.62
3/6/2017 11:00,645,13.86,187.2,15.77,25.78,55.26,29.3,57.05,13.62
3/6/2017 12:00,646,14.79,184.2,16.38,28.72,55.47,29.27,57.78,13.47
3/6/2017 13:00,647,14.04,181.7,16.55,27.92,55.72,29.24,58.52,13.63
3/6/2017 14:00,648,14.71,185.1,15.83,27.85,56.49,29.2,59.08,13.47
3/6/2017 15:00,649,14.08,183.9,16.23,29.35,56.83,29.18,59.17,13.63
3/6/2017 16:00,650,14.29,182.1,15.55,27.32,57.36,29.17,58.99,13.63
3/6/2017 17:00,651,13.79,180.1,15.61,25.67,57.39,29.15,58.43,13.63
3/6/2017 18:00,652,14.55,182.8,15.27,29.77,58.73,29.12,59.82,13.48
3/6/2017 19:00,653,16.74,183.4,16.08,34.33,59.54,29.1,61.23,13.48
3/6/2017 20:00,654,17.98,183.3,16.48,37.45,60.47,29.07,62.44,13.49
3/6/2017 21:00,655,17.06,185.3,16.2,35.28,61.12,29.04,63.07,13.48
3/6/2017 22:00,656,18.46,186.9,15.65,37.62,61.76,29.01,64.07,13.49
3/6/2017 23:00,657,19.83,190.4,16.51,46.14,62.7,29.0,64.9,13.49
3/7/2017 0:00,658,18.23,193.4,16.05,37.73,63.23,28.99,65.22,14.49
3/7/2017 1:00,659,18.66,193.8,16.94,37.98,63.4,28.96,65.68,14.49
3/7/2017 2:00,660,19.16,202.4,22.9,36.36,63.06,28.96,65.64,14.47
3/7/2017 3:00,661,14.29,222.5,17.36,29.67,58.63,28.99,64.39,14.47
3/7/2017 4:00,662,13.0,221.8,17.23,28.23,56.09,28.99,59.34,13.62
3/7/2017 5:00,663,11.32,218.2,16.98,24.87,55.47,29.02,57.61,13.62
3/7/2017 6:00,664,15.2,243.6,15.25,29.63,53.83,29.06,56.5,13.48
3/7/2017 7:00,665,14.81,253.5,13.33,26.37,50.52,29.1,55.19,13.49
3/7/2017 8:00,666,17.78,264.6,14.42,32.4,47.56,29.16,52.86,13.64
3/7/2017 9:00,667,16.9,263.1,14.54,33.94,45.89,29.21,51.26,13.48
3/7/2017 10:00,668,17.12,261.1,14.17,31.35,45.52,29.24,53.85,13.49
3/7/2017 11:00,669,17.26,264.0,14.53,30.83,47.03,29.27,58.78,13.48
3/7/2017 12:00,670,18.88,262.3,15.13,33.52,48.27,29.28,60.57,13.97
3/7/2017 13:00,671,18.22,264.6,14.08,31.6,49.86,29.28,61.99,14.48
3/7/2017 14:00,672,17.41,259.7,16.62,30.69,51.15,29.27,62.71,14.47
3/7/2017 15:00,673,15.2,259.1,15.48,28.65,52.31,29.27,62.8,13.48
3/7/2017 16:00,674,15.14,259.7,15.11,27.04,52.06,29.28,62.53,13.48
3/7/2017 17:00,675,17.09,258.1,14.77,31.21,51.35,29.31,60.13,14.46
3/7/2017 18:00,676,15.02,257.2,13.79,25.99,50.13,29.33,58.04,13.48
3/7/2017 19:00,677,8.82,227.7,19.84,19.44,48.47,29.33,52.61,14.75
3/7/2017 20:00,678,10.05,217.7,15.65,26.66,47.44,29.33,49.43,13.62
3/7/2017 21:00,679,12.59,236.9,16.33,24.9,46.91,29.34,48.99,13.62
3/7/2017 22:00,680,11.64,215.1,17.88,40.64,45.98,29.33,48.3,13.62
3/7/2017 23:00,681,10.65,207.9,13.57,18.38,44.7,29.31,46.19,13.62
3/8/2017 0:00,682,11.63,208.9,13.57,20.8,45.15,29.29,44.69,13.61
3/8/2017 1:00,683,12.53,242.9,14.78,25.15,44.31,29.32,44.96,13.61
3/8/2017 2:00,684,12.14,246.5,14.13,24.55,44.37,29.34,45.4,13.63
3/8/2017 3:00,685,12.85,245.5,12.87,22.84,44.26,29.33,45.08,13.61
3/8/2017 4:00,686,11.97,242.1,13.08,24.17,43.11,29.33,44.06,13.61
3/8/2017 5:00,687,10.01,225.3,17.22,18.28,41.43,29.32,42.92,13.61
3/8/2017 6:00,688,11.24,222.5,18.75,23.36,40.77,29.32,41.13,13.61
3/8/2017 7:00,689,15.97,240.4,15.22,29.56,41.59,29.32,42.06,13.49
3/8/2017 8:00,690,22.29,253.2,14.28,40.18,43.38,29.33,44.81,14.09
3/8/2017 9:00,691,21.82,257.1,14.47,39.13,44.53,29.34,50.2,14.43
3/8/2017 10:00,692,22.92,260.3,14.9,41.44,45.32,29.34,53.85,14.43
3/8/2017 11:00,693,23.87,259.1,16.46,44.98,47.21,29.35,56.93,14.42
3/8/2017 12:00,694,25.96,260.2,14.79,51.64,48.22,29.34,58.47,14.42
3/8/2017 13:00,695,26.69,260.9,14.53,48.87,49.65,29.34,59.78,14.42
3/8/2017 14:00,696,25.64,264.6,14.92,46.56,50.82,29.35,60.39,14.42
3/8/2017 15:00,697,26.15,261.1,14.72,48.21,51.28,29.37,60.35,14.42
3/8/2017 16:00,698,24.75,263.0,14.77,44.81,51.62,29.38,60.0,14.43
3/8/2017 17:00,699,23.24,265.8,13.67,41.66,52.04,29.4,58.91,14.43
3/8/2017 18:00,700,18.01,266.8,13.04,34.93,51.27,29.42,57.53,14.42
3/8/2017 19:00,701,15.05,266.8,12.17,25.22,49.5,29.44,53.48,13.48
3/8/2017 20:00,702,15.16,268.2,12.16,27.74,48.36,29.47,51.13,13.48
3/8/2017 21:00,703,12.06,271.1,12.16,21.68,46.84,29.5,49.67,13.61
3/8/2017 22:00,704,12.45,281.0,13.04,22.69,45.53,29.52,47.3,13.61
3/8/2017 23:00,705,11.0,297.1,14.3,21.92,43.85,29.53,45.24,13.6
3/9/2017 0:00,706,7.9639999999999995,320.1,23.44,18.45,42.14,29.51,43.24,13.6
3/9/2017 1:00,707,4.382,308.7,32.17,18.87,41.03,29.51,41.48,13.6
3/9/2017 2:00,708,3.262,313.9,26.84,9.41,40.13,29.51,39.27,13.6
3/9/2017 3:00,709,3.4139999999999997,12.43,34.94,9.06,38.85,29.52,37.58,13.6
3/9/2017 4:00,710,4.198,18.27,16.4,11.27,37.24,29.52,36.7,13.6
3/9/2017 5:00,711,4.303,23.33,18.69,8.99,36.35,29.52,35.81,13.6
3/9/2017 6:00,712,5.997000000000001,23.36,17.44,15.09,35.27,29.53,34.93,13.6
3/9/2017 7:00,713,5.811,13.75,16.67,11.16,35.18,29.53,34.7,13.6
3/9/2017 8:00,714,8.05,20.01,15.93,15.37,36.29,29.54,37.08,13.6
3/9/2017 9:00,715,7.489,43.73,20.49,14.39,37.34,29.55,42.57,13.61
3/9/2017 10:00,716,7.32,68.72,15.82,11.66,38.2,29.54,46.39,13.61
3/9/2017 11:00,717,6.875,57.81,20.04,13.27,38.16,29.53,47.18,13.61
3/9/2017 12:00,718,9.7,37.89,21.77,17.58,37.37,29.54,47.34,13.61
3/9/2017 13:00,719,9.13,23.79,17.12,14.25,36.33,29.52,45.95,13.61
3/9/2017 14:00,720,9.05,18.86,18.89,15.34,36.02,29.5,43.94,13.61
3/9/2017 15:00,721,11.1,21.2,14.86,18.8,35.84,29.5,42.85,13.61
3/9/2017 16:00,722,10.42,27.65,15.49,17.61,35.92,29.5,41.91,13.61
3/9/2017 17:00,723,9.24,24.76,16.98,16.53,35.22,29.5,40.05,13.6
3/9/2017 18:00,724,7.716,25.32,17.87,16.56,35.15,29.52,38.16,13.6
3/9/2017 19:00,725,5.8839999999999995,34.88,17.2,12.67,35.16,29.52,36.89,13.6
3/9/2017 20:00,726,5.352,38.9,23.59,9.2,35.16,29.51,36.7,13.6
3/9/2017 21:00,727,6.167999999999999,10.97,19.98,12.85,35.27,29.52,36.39,13.6
3/9/2017 22:00,728,6.332000000000001,9.91,21.33,14.18,35.41,29.52,36.62,13.6
3/9/2017 23:00,729,5.676,0.777,22.53,12.53,35.73,29.52,36.7,13.6
3/10/2017 0:00,730,7.683,350.6,20.8,20.07,36.29,29.52,37.08,13.6
3/10/2017 1:00,731,9.2,346.1,23.73,19.75,36.73,29.53,37.35,13.6
3/10/2017 2:00,732,9.01,334.5,24.06,21.26,35.91,29.56,37.27,13.6
3/10/2017 3:00,733,9.1,325.4,25.23,21.4,33.31,29.58,36.01,13.6
3/10/2017 4:00,734,8.9,329.1,23.28,20.77,31.14,29.6,33.17,13.6
3/10/2017 5:00,735,8.07,330.5,25.0,18.98,29.8,29.62,30.79,13.6
3/10/2017 6:00,736,9.36,326.2,24.38,19.33,28.89,29.65,29.26,13.6
3/10/2017 7:00,737,8.44,324.0,24.68,23.15,28.13,29.68,28.26,13.6
3/10/2017 8:00,738,10.0,328.0,23.57,20.91,27.96,29.71,27.84,13.6
3/10/2017 9:00,739,10.54,350.0,27.09,22.66,27.78,29.73,34.39,13.6
3/10/2017 10:00,740,11.43,5.355,24.08,21.99,27.94,29.75,38.0,13.6
3/10/2017 11:00,741,12.05,9.32,23.63,22.98,27.76,29.77,41.95,13.6
3/10/2017 12:00,742,13.0,14.82,21.43,23.75,27.6,29.77,42.22,13.61
3/10/2017 13:00,743,12.56,10.98,24.13,22.91,27.76,29.78,42.45,13.61
3/10/2017 14:00,744,12.9,13.26,22.92,23.5,27.65,29.77,42.18,13.61
3/10/2017 15:00,745,12.7,18.1,22.73,24.2,27.59,29.77,41.02,13.6
3/10/2017 16:00,746,11.96,22.96,18.05,20.59,27.93,29.77,39.74,13.6
3/10/2017 17:00,747,8.55,4.163,30.92,19.09,28.93,29.76,38.08,13.6
3/10/2017 18:00,748,6.875,317.0,24.97,14.56,28.68,29.76,36.31,13.6
3/10/2017 19:00,749,6.13,325.3,24.28,14.63,27.8,29.76,30.26,13.6
3/10/2017 20:00,750,7.1339999999999995,314.9,21.79,13.23,27.38,29.75,28.26,13.6
3/10/2017 21:00,751,6.947,320.1,23.13,14.11,26.46,29.75,27.07,13.6
3/10/2017 22:00,752,7.108,320.0,24.38,16.11,25.24,29.76,25.6,13.6
3/10/2017 23:00,753,6.494,328.3,32.12,14.35,24.76,29.77,24.79,13.6
3/11/2017 0:00,754,6.847,321.8,24.14,15.19,24.1,29.77,24.63,13.6
3/11/2017 1:00,755,8.07,332.1,24.88,17.75,23.43,29.77,24.74,13.6
3/11/2017 2:00,756,7.686,333.4,23.3,16.18,22.55,29.78,24.2,13.6
3/11/2017 3:00,757,6.994,317.7,23.08,14.04,21.74,29.78,23.35,13.6
3/11/2017 4:00,758,6.9670000000000005,309.1,18.85,12.67,21.05,29.79,22.45,13.6
3/11/2017 5:00,759,6.72,315.2,21.45,13.44,20.69,29.81,20.99,13.59
3/11/2017 6:00,760,6.502999999999999,316.0,22.88,13.55,19.63,29.83,19.89,13.59
3/11/2017 7:00,761,6.96,315.2,20.95,13.79,18.91,29.84,18.77,13.59
3/11/2017 8:00,762,6.8420000000000005,322.7,26.08,16.35,19.58,29.84,19.73,13.6
3/11/2017 9:00,763,8.51,348.8,27.32,16.28,20.41,29.85,28.11,13.6
3/11/2017 10:00,764,9.0,4.239,25.61,18.28,20.92,29.85,32.52,13.6
3/11/2017 11:00,765,9.96,16.88,22.34,17.05,22.01,29.86,37.16,13.6
3/11/2017 12:00,766,9.2,24.79,24.36,16.91,22.29,29.86,39.55,13.6
3/11/2017 13:00,767,8.87,36.33,23.43,18.59,23.0,29.85,40.98,13.61
3/11/2017 14:00,768,8.82,47.35,25.81,16.35,24.06,29.83,41.09,13.61
3/11/2017 15:00,769,8.1,61.37,21.71,14.77,24.97,29.82,41.44,13.61
3/11/2017 16:00,770,7.403,57.97,20.48,12.18,24.9,29.82,40.9,13.61
3/11/2017 17:00,771,6.193,62.69,20.78,11.69,24.28,29.81,34.89,13.6
3/11/2017 18:00,772,5.476,60.35,19.87,10.32,24.65,29.8,29.34,13.6
3/11/2017 19:00,773,4.677,47.06,21.26,7.94,24.91,29.81,27.14,13.6
3/11/2017 20:00,774,4.226,38.04,26.17,7.905,25.38,29.82,26.53,13.6
3/11/2017 21:00,775,4.03,359.6,23.1,8.4,25.55,29.83,26.56,13.6
3/11/2017 22:00,776,4.022,0.131,25.35,7.029,25.93,29.83,26.76,13.6
3/11/2017 23:00,777,4.671,349.8,29.75,12.32,26.45,29.83,26.95,13.6
3/12/2017 0:00,778,5.236000000000001,304.7,18.02,8.75,25.97,29.82,26.91,13.6
3/12/2017 1:00,779,5.007,297.9,12.99,8.61,25.13,29.81,26.02,13.6
3/12/2017 2:00,780,4.368,295.8,9.97,7.064,24.3,29.81,24.09,13.6
3/12/2017 3:00,781,3.967,289.4,11.43,6.188,23.87,29.79,22.72,13.6
3/12/2017 4:00,782,4.351,292.6,8.99,6.678,23.71,29.78,21.9,13.6
3/12/2017 5:00,783,4.909,294.9,9.93,7.835,23.54,29.79,21.34,13.6
3/12/2017 6:00,784,5.4479999999999995,301.8,12.0,9.45,22.98,29.79,21.34,13.6
3/12/2017 7:00,785,5.183,306.1,17.76,9.31,22.75,29.8,21.58,13.6
3/12/2017 8:00,786,5.106,301.9,18.73,9.13,23.86,29.81,23.38,13.6
3/12/2017 9:00,787,3.5839999999999996,312.6,38.3,9.24,25.81,29.82,35.05,13.6
3/12/2017 10:00,788,4.321000000000001,240.3,42.39,9.9,27.67,29.82,42.85,13.6
3/12/2017 11:00,789,5.398,204.5,41.9,10.6,29.18,29.81,48.38,13.61
3/12/2017 12:00,790,4.65,209.5,69.33,12.29,31.01,29.8,53.43,13.61
3/12/2017 13:00,791,4.657,54.93,76.01,11.37,31.61,29.79,55.23,13.61
3/12/2017 14:00,792,8.66,63.34,17.92,15.93,32.29,29.76,54.06,13.61
3/12/2017 15:00,793,8.38,67.65,16.65,13.55,32.47,29.74,50.36,13.62
3/12/2017 16:00,794,8.76,76.61,16.3,16.14,32.64,29.71,46.55,13.61
3/12/2017 17:00,795,8.32,86.7,16.67,15.65,31.9,29.69,41.6,13.61
3/12/2017 18:00,796,8.33,84.3,17.33,16.21,31.35,29.68,36.58,13.61
3/12/2017 19:00,797,8.51,89.1,18.75,17.96,31.2,29.67,33.78,13.61
3/12/2017 20:00,798,6.593999999999999,93.1,22.22,14.39,31.55,29.67,33.02,13.61
3/12/2017 21:00,799,5.047,134.4,37.92,14.0,31.87,29.67,33.28,13.61
3/12/2017 22:00,800,6.006,152.9,21.19,12.99,29.03,29.67,33.21,13.6
3/12/2017 23:00,801,3.638,119.7,24.6,9.83,27.39,29.66,31.33,13.6
3/13/2017 0:00,802,5.722,132.8,19.75,12.71,27.5,29.63,30.56,13.6
3/13/2017 1:00,803,6.111000000000001,103.3,23.51,14.56,27.43,29.61,30.1,13.61
3/13/2017 2:00,804,7.312,96.5,21.38,16.04,27.58,29.61,29.87,13.61
3/13/2017 3:00,805,6.247999999999999,111.5,24.94,15.23,27.1,29.6,29.87,13.61
3/13/2017 4:00,806,6.484,109.8,25.14,17.16,26.62,29.58,29.45,13.61
3/13/2017 5:00,807,5.895,112.3,25.19,14.67,26.18,29.59,29.14,13.61
3/13/2017 6:00,808,5.8629999999999995,110.7,25.31,13.48,25.97,29.57,28.88,13.61
3/13/2017 7:00,809,5.406000000000001,109.6,27.61,14.0,25.98,29.57,28.6,13.61
3/13/2017 8:00,810,6.682,103.3,24.44,16.67,26.17,29.57,29.41,13.61
3/13/2017 9:00,811,6.939,103.3,23.18,14.67,26.38,29.56,30.91,13.6
3/13/2017 10:00,812,7.582000000000001,100.9,21.14,15.02,27.38,29.55,33.36,13.6
3/13/2017 11:00,813,7.007000000000001,91.3,19.97,14.49,28.1,29.55,33.94,13.61
3/13/2017 12:00,814,7.24,78.22,17.17,11.41,28.8,29.55,35.12,13.61
3/13/2017 13:00,815,7.034,67.03,16.48,12.25,28.71,29.54,35.39,13.61
3/13/2017 14:00,816,6.8629999999999995,63.73,17.28,12.25,28.6,29.51,34.74,13.61
3/13/2017 15:00,817,8.59,42.91,16.54,17.96,28.85,29.51,33.97,13.61
3/13/2017 16:00,818,9.72,41.88,16.29,17.96,28.85,29.51,33.51,13.61
3/13/2017 17:00,819,10.15,47.54,17.1,19.51,28.97,29.52,32.78,13.61
3/13/2017 18:00,820,10.37,46.61,16.77,20.17,29.31,29.53,32.06,13.6
3/13/2017 19:00,821,10.2,52.77,16.7,18.42,28.9,29.54,31.71,13.6
3/13/2017 20:00,822,8.81,56.81,17.32,19.65,28.43,29.54,31.37,13.6
3/13/2017 21:00,823,10.16,62.79,17.11,21.29,27.44,29.55,31.02,13.6
3/13/2017 22:00,824,11.87,74.12,14.9,19.37,27.97,29.56,30.49,13.6
3/13/2017 23:00,825,9.19,81.0,17.8,18.35,27.45,29.56,30.1,13.61
3/14/2017 0:00,826,8.02,74.76,17.46,16.46,27.62,29.57,28.99,13.61
3/14/2017 1:00,827,6.905,78.77,18.81,14.56,27.19,29.57,28.53,13.61
3/14/2017 2:00,828,7.907,74.56,17.34,16.42,26.91,29.57,28.11,13.61
3/14/2017 3:00,829,6.827000000000001,69.21,19.06,15.44,26.47,29.56,27.26,13.61
3/14/2017 4:00,830,6.109,55.31,19.14,12.15,26.47,29.56,26.53,13.6
3/14/2017 5:00,831,5.167999999999999,49.82,19.76,11.09,26.47,29.57,26.79,13.61
3/14/2017 6:00,832,4.742,325.7,45.85,10.43,25.28,29.58,27.18,13.61
3/14/2017 7:00,833,4.5089999999999995,67.17,24.73,13.44,24.05,29.6,27.03,13.6
3/14/2017 8:00,834,7.391,64.43,23.65,17.96,23.53,29.62,26.72,13.61
3/14/2017 9:00,835,8.15,39.76,35.21,22.2,23.55,29.64,27.03,13.6
3/14/2017 10:00,836,11.81,28.84,16.11,23.29,24.42,29.65,28.91,13.6
3/14/2017 11:00,837,12.5,28.46,16.52,24.34,25.09,29.66,32.02,13.61
3/14/2017 12:00,838,11.82,22.14,18.19,20.0,25.61,29.66,35.81,13.6
3/14/2017 13:00,839,11.72,15.42,19.53,23.22,25.63,29.66,36.43,13.61
3/14/2017 14:00,840,10.75,8.0,22.37,22.66,25.59,29.65,36.7,13.61
3/14/2017 15:00,841,8.95,348.2,27.76,22.91,23.85,29.65,33.82,13.61
3/14/2017 16:00,842,10.24,353.1,26.58,23.64,23.48,29.65,32.9,13.6
3/14/2017 17:00,843,13.22,347.7,26.79,28.27,25.19,29.65,33.13,13.6
3/14/2017 18:00,844,11.45,333.2,24.16,24.45,24.82,29.66,33.13,13.6
3/14/2017 19:00,845,10.07,334.5,24.23,24.69,24.48,29.68,28.22,13.6
3/14/2017 20:00,846,8.71,320.1,24.06,19.51,23.35,29.68,25.52,13.6
3/14/2017 21:00,847,8.06,316.6,23.9,20.49,22.54,29.68,24.55,13.6
3/14/2017 22:00,848,7.284,301.3,14.92,12.81,21.5,29.68,23.35,13.6
3/14/2017 23:00,849,8.7,298.8,11.86,16.32,21.36,29.66,21.5,13.6
3/15/2017 0:00,850,8.55,296.5,11.02,15.97,20.76,29.65,20.87,13.6
3/15/2017 1:00,851,9.77,299.2,12.96,16.14,20.79,29.66,20.32,13.6
3/15/2017 2:00,852,8.86,299.2,12.36,14.35,20.22,29.66,20.08,13.6
3/15/2017 3:00,853,8.05,296.2,9.85,12.88,19.58,29.66,19.65,13.6
3/15/2017 4:00,854,8.49,298.5,11.09,15.48,19.35,29.67,19.09,13.6
3/15/2017 5:00,855,7.415,305.8,14.7,13.55,19.35,29.68,18.93,13.6
3/15/2017 6:00,856,6.7620000000000005,306.8,15.16,11.97,18.81,29.69,18.61,13.6
3/15/2017 7:00,857,8.84,303.2,13.88,14.77,18.6,29.71,18.57,13.6
3/15/2017 8:00,858,8.73,309.4,18.68,17.47,20.12,29.71,20.64,13.6
3/15/2017 9:00,859,8.67,313.0,21.78,16.32,22.5,29.72,29.87,13.6
3/15/2017 10:00,860,9.16,317.6,24.28,19.72,24.76,29.72,36.89,13.6
3/15/2017 11:00,861,9.84,307.2,23.55,19.86,26.34,29.72,42.3,13.6
3/15/2017 12:00,862,8.02,306.2,24.47,16.6,28.81,29.72,47.98,13.61
3/15/2017 13:00,863,7.693,320.0,28.03,16.32,29.39,29.7,49.71,13.61
3/15/2017 14:00,864,9.02,302.0,22.37,17.61,30.09,29.69,49.35,13.61
3/15/2017 15:00,865,9.11,297.4,21.8,19.61,31.0,29.68,47.98,13.61
3/15/2017 16:00,866,8.64,300.5,21.96,16.39,32.26,29.67,45.64,13.61
3/15/2017 17:00,867,8.29,297.3,21.77,16.39,32.51,29.67,43.74,13.61
3/15/2017 18:00,868,7.695,307.6,19.61,15.16,31.39,29.67,41.21,13.61
3/15/2017 19:00,869,4.687,308.3,17.46,12.64,29.99,29.67,33.74,13.6
3/15/2017 20:00,870,4.4,284.7,10.4,9.9,29.08,29.68,29.14,13.61
3/15/2017 21:00,871,4.37,281.8,9.52,7.905,28.18,29.68,27.1,13.6
3/15/2017 22:00,872,4.4030000000000005,269.5,9.51,7.204,27.34,29.68,26.02,13.6
3/15/2017 23:00,873,5.827999999999999,252.8,12.22,11.97,26.68,29.68,25.6,13.6
3/16/2017 0:00,874,7.184,259.0,11.93,13.44,25.4,29.67,25.44,13.6
3/16/2017 1:00,875,7.856,261.3,10.32,13.97,24.77,29.66,24.94,13.6
3/16/2017 2:00,876,6.9639999999999995,261.2,10.91,11.2,23.89,29.67,24.32,13.6
3/16/2017 3:00,877,6.596,263.8,11.02,11.09,23.32,29.66,23.5,13.6
3/16/2017 4:00,878,6.031000000000001,263.8,11.77,9.66,23.07,29.66,23.03,13.6
3/16/2017 5:00,879,3.202,247.0,21.18,6.994,21.36,29.67,22.25,13.6
3/16/2017 6:00,880,3.7289999999999996,244.2,14.52,7.695,21.01,29.68,19.96,13.6
3/16/2017 7:00,881,4.686,242.7,13.75,9.17,21.66,29.68,20.64,13.61
3/16/2017 8:00,882,5.32,251.2,15.64,9.1,23.53,29.7,23.5,13.6
3/16/2017 9:00,883,4.364,232.5,19.81,8.05,26.87,29.71,34.97,13.6
3/16/2017 10:00,884,6.14,251.5,25.01,11.06,30.72,29.72,44.26,13.6
3/16/2017 11:00,885,5.277,232.9,28.52,10.46,32.23,29.71,52.16,13.61
3/16/2017 12:00,886,6.013,217.8,24.36,10.74,33.97,29.69,54.06,13.61
3/16/2017 13:00,887,5.928,209.4,24.42,12.81,36.12,29.68,55.11,13.61
3/16/2017 14:00,888,6.357,207.9,17.81,13.23,37.62,29.65,55.19,13.62
3/16/2017 15:00,889,7.042999999999999,214.7,24.11,13.72,39.11,29.63,54.73,13.62
3/16/2017 16:00,890,6.398,206.1,23.47,12.46,40.7,29.62,52.94,13.61
3/16/2017 17:00,891,6.372999999999999,193.0,20.04,11.37,41.3,29.6,52.4,13.62
3/16/2017 18:00,892,4.768,192.4,16.36,9.9,40.24,29.59,49.43,13.62
3/16/2017 19:00,893,1.766,171.6,48.59,5.5920000000000005,37.78,29.58,42.45,13.61
3/16/2017 20:00,894,3.99,94.8,15.14,8.57,35.45,29.57,36.73,13.61
3/16/2017 21:00,895,2.918,131.6,25.48,6.537999999999999,35.16,29.56,34.62,13.62
3/16/2017 22:00,896,3.8689999999999998,149.6,14.37,8.43,35.56,29.55,34.62,13.62
3/16/2017 23:00,897,4.29,143.7,14.97,8.75,35.16,29.55,35.51,13.62
3/17/2017 0:00,898,5.033,141.8,14.13,9.41,35.16,29.54,36.04,13.61
3/17/2017 1:00,899,5.925,145.5,16.79,11.37,35.6,29.52,36.81,13.61
3/17/2017 2:00,900,4.861000000000001,158.8,16.99,9.17,35.63,29.53,36.89,13.61
3/17/2017 3:00,901,5.638999999999999,140.9,16.96,12.22,35.48,29.5,36.23,13.61
3/17/2017 4:00,902,8.04,144.5,15.92,16.04,35.86,29.45,36.7,13.61
3/17/2017 5:00,903,7.752999999999999,158.6,16.51,15.86,34.95,29.43,35.7,13.61
3/17/2017 6:00,904,7.813,163.3,16.99,16.88,34.17,29.43,35.12,13.62
3/17/2017 7:00,905,7.042999999999999,155.9,16.16,13.69,34.26,29.41,35.58,13.62
3/17/2017 8:00,906,6.646,159.5,15.44,13.72,34.95,29.41,36.16,13.61
3/17/2017 9:00,907,7.5120000000000005,167.3,17.3,14.77,35.16,29.39,36.54,13.61
3/17/2017 10:00,908,7.506,169.2,14.5,14.11,35.6,29.39,37.39,13.61
3/17/2017 11:00,909,7.019,175.6,17.61,13.16,36.53,29.37,38.5,13.61
3/17/2017 12:00,910,7.231,184.6,16.14,14.18,37.81,29.35,40.4,13.62
3/17/2017 13:00,911,6.5729999999999995,194.0,16.17,13.86,38.99,29.34,42.77,13.62
3/17/2017 14:00,912,5.711,208.5,15.74,10.95,40.8,29.32,44.69,13.62
3/17/2017 15:00,913,5.502000000000001,223.6,16.77,9.34,42.52,29.32,46.03,13.62
3/17/2017 16:00,914,6.002999999999999,246.1,18.63,12.18,44.52,29.31,47.18,13.62
3/17/2017 17:00,915,4.855,232.7,21.92,13.72,45.57,29.31,47.86,13.62
3/17/2017 18:00,916,3.147,207.9,17.51,6.994,45.63,29.31,48.38,13.62
3/17/2017 19:00,917,2.311,160.8,21.73,4.33,42.38,29.32,46.11,13.62
3/17/2017 20:00,918,3.529,182.7,17.83,9.66,41.72,29.32,41.87,13.62
3/17/2017 21:00,919,13.06,277.9,28.51,34.65,45.91,29.35,44.18,13.62
3/17/2017 22:00,920,11.96,286.8,14.67,22.8,45.25,29.35,44.65,13.63
3/17/2017 23:00,921,12.85,289.4,13.45,24.52,44.34,29.35,44.45,13.63
3/18/2017 0:00,922,9.88,285.2,12.3,20.94,43.6,29.35,44.26,13.62
3/18/2017 1:00,923,9.04,276.5,11.91,19.82,43.28,29.35,44.33,13.62
3/18/2017 2:00,924,10.48,278.2,12.04,20.42,41.83,29.36,44.33,13.61
3/18/2017 3:00,925,12.34,283.0,11.74,21.96,40.05,29.37,43.28,13.61
3/18/2017 4:00,926,11.3,287.6,11.81,18.77,39.11,29.37,41.79,13.61
3/18/2017 5:00,927,10.3,285.4,11.55,19.23,38.61,29.39,40.9,13.61
3/18/2017 6:00,928,8.86,286.8,12.64,16.74,38.67,29.41,40.24,13.61
3/18/2017 7:00,929,9.17,303.8,18.12,16.63,38.68,29.44,40.01,13.61
3/18/2017 8:00,930,9.53,310.8,22.9,24.48,38.55,29.46,40.94,13.61
3/18/2017 9:00,931,10.28,308.6,18.25,21.29,39.01,29.48,42.3,13.61
3/18/2017 10:00,932,9.82,309.8,19.82,18.28,39.51,29.5,43.78,13.61
3/18/2017 11:00,933,11.36,304.0,19.88,20.77,39.93,29.52,44.49,13.62
3/18/2017 12:00,934,10.32,303.3,17.69,19.33,40.89,29.53,46.27,13.62
3/18/2017 13:00,935,8.09,317.6,24.78,15.76,41.44,29.54,47.66,13.62
3/18/2017 14:00,936,7.314,319.2,24.93,15.23,41.92,29.54,48.06,13.62
3/18/2017 15:00,937,6.462999999999999,340.0,39.44,13.16,41.9,29.56,48.5,13.62
3/18/2017 16:00,938,6.837000000000001,10.76,19.19,13.51,39.88,29.58,46.35,13.62
3/18/2017 17:00,939,6.91,341.6,37.29,15.79,40.63,29.6,43.47,13.62
3/18/2017 18:00,940,6.287000000000001,329.9,30.11,13.23,41.03,29.62,43.0,13.62
3/18/2017 19:00,941,4.619,8.32,19.37,8.4,39.32,29.64,42.5,13.62
3/18/2017 20:00,942,2.5140000000000002,343.1,29.14,6.398,39.61,29.64,41.25,13.62
3/18/2017 21:00,943,3.9810000000000003,302.3,13.65,7.765,40.68,29.65,41.37,13.62
3/18/2017 22:00,944,4.563,315.7,21.83,10.15,40.67,29.66,41.64,13.62
3/18/2017 23:00,945,4.683,349.0,23.02,11.41,40.37,29.67,41.64,13.62
3/19/2017 0:00,946,5.5889999999999995,350.1,19.33,12.08,39.13,29.67,40.94,13.61
3/19/2017 1:00,947,5.078,358.5,20.22,11.37,37.8,29.67,38.39,13.61
3/19/2017 2:00,948,4.641,347.3,18.68,9.34,37.1,29.68,36.54,13.61
3/19/2017 3:00,949,3.897,356.4,19.3,7.204,36.11,29.68,35.58,13.61
3/19/2017 4:00,950,3.299,6.28,17.61,7.064,34.8,29.69,34.51,13.61
3/19/2017 5:00,951,3.3539999999999996,3.633,16.9,6.502999999999999,34.3,29.71,33.82,13.6
3/19/2017 6:00,952,2.6460000000000004,19.06,21.35,5.557,34.67,29.72,34.2,13.61
3/19/2017 7:00,953,2.1180000000000003,36.8,18.45,5.5920000000000005,34.12,29.73,33.55,13.61
3/19/2017 8:00,954,4.369,58.67,16.36,8.01,37.28,29.74,36.39,13.61
3/19/2017 9:00,955,5.605,62.74,19.58,9.94,38.89,29.75,46.59,13.61
3/19/2017 10:00,956,6.19,85.5,20.35,11.66,40.24,29.75,54.1,13.61
3/19/2017 11:00,957,7.486000000000001,79.7,15.0,12.5,39.92,29.75,58.73,13.61
3/19/2017 12:00,958,8.49,74.09,16.46,13.09,40.74,29.73,61.19,13.61
3/19/2017 13:00,959,8.76,69.52,13.28,12.81,40.9,29.7,61.06,13.62
3/19/2017 14:00,960,8.54,69.12,12.66,13.02,41.75,29.66,61.37,13.62
3/19/2017 15:00,961,8.58,71.28,12.9,13.58,42.18,29.63,59.87,13.62
3/19/2017 16:00,962,7.735,82.4,16.17,13.48,42.08,29.59,58.43,13.62
3/19/2017 17:00,963,6.695,84.1,14.59,12.36,43.18,29.57,56.42,13.62
3/19/2017 18:00,964,7.021,140.3,53.33,16.46,46.9,29.54,53.15,13.62
3/19/2017 19:00,965,6.978,165.2,15.24,14.81,48.52,29.52,50.24,13.62
3/19/2017 20:00,966,6.827999999999999,161.1,16.59,13.65,47.84,29.51,48.18,13.62
3/19/2017 21:00,967,6.452999999999999,159.4,14.05,13.2,47.38,29.52,47.22,13.62
3/19/2017 22:00,968,8.81,172.3,15.48,17.26,47.45,29.48,47.98,13.62
3/19/2017 23:00,969,9.53,186.4,18.41,21.85,47.64,29.45,48.06,13.62
3/20/2017 0:00,970,10.88,197.3,14.55,20.77,47.35,29.41,48.06,13.62
3/20/2017 1:00,971,11.18,206.5,15.95,21.47,48.16,29.38,48.86,13.62
3/20/2017 2:00,972,7.327999999999999,251.1,57.48,21.33,48.35,29.41,49.63,13.62
3/20/2017 3:00,973,5.8839999999999995,83.5,33.98,12.99,41.57,29.42,49.06,13.62
3/20/2017 4:00,974,4.456,113.1,41.13,10.6,40.68,29.42,43.67,13.62
3/20/2017 5:00,975,7.077000000000001,127.3,38.62,17.02,42.32,29.38,43.08,13.62
3/20/2017 6:00,976,5.432,160.7,20.97,12.57,42.24,29.36,43.08,13.62
3/20/2017 7:00,977,5.404,160.4,19.93,12.32,42.29,29.36,43.12,13.62
3/20/2017 8:00,978,5.157,162.3,18.07,9.87,43.64,29.37,45.64,13.62
3/20/2017 9:00,979,6.067,165.1,15.62,11.09,45.2,29.36,48.5,13.62
3/20/2017 10:00,980,6.404,190.2,17.67,13.72,47.79,29.36,52.65,13.62
3/20/2017 11:00,981,7.506,201.1,21.78,14.49,50.84,29.35,57.74,13.62
3/20/2017 12:00,982,5.638999999999999,223.0,24.65,11.9,51.89,29.36,59.6,13.61
3/20/2017 13:00,983,6.227,7.284,51.95,12.08,49.4,29.34,60.88,13.62
3/20/2017 14:00,984,7.756,26.3,14.14,12.67,45.25,29.34,57.66,13.62
3/20/2017 15:00,985,6.061,21.45,15.26,10.81,43.69,29.35,51.75,13.62
3/20/2017 16:00,986,5.5360000000000005,15.22,21.53,10.81,42.94,29.36,48.82,13.62
3/20/2017 17:00,987,6.08,2.504,21.02,11.9,42.24,29.38,47.02,13.62
3/20/2017 18:00,988,7.085,353.2,19.58,14.88,41.7,29.41,45.44,13.62
3/20/2017 19:00,989,7.114,358.2,20.62,16.32,41.51,29.42,44.26,13.62
3/20/2017 20:00,990,5.843999999999999,2.399,19.81,11.87,40.51,29.43,42.57,13.62
3/20/2017 21:00,991,8.26,352.0,20.13,18.14,39.42,29.44,41.25,13.62
3/20/2017 22:00,992,7.72,354.9,21.61,15.44,39.35,29.45,40.09,13.61
3/20/2017 23:00,993,6.855,345.1,18.69,14.88,39.67,29.47,39.35,13.61
3/21/2017 0:00,994,6.877000000000001,352.7,18.56,14.53,40.34,29.47,39.35,13.61
3/21/2017 1:00,995,7.965,351.0,18.77,15.86,40.88,29.47,39.97,13.62
3/21/2017 2:00,996,7.827000000000001,345.6,19.58,14.39,41.7,29.47,40.59,13.61
3/21/2017 3:00,997,7.209,349.3,18.93,15.37,41.8,29.48,40.71,13.62
3/21/2017 4:00,998,5.277,352.5,20.16,11.06,41.76,29.47,40.63,13.62
3/21/2017 5:00,999,4.526,342.6,19.25,10.74,41.83,29.49,40.4,13.62
3/21/2017 6:00,1000,2.4419999999999997,266.0,32.61,5.171,39.38,29.5,39.93,13.61
3/21/2017 7:00,1001,2.289,253.9,12.32,3.5239999999999996,37.85,29.51,37.7,13.61
3/21/2017 8:00,1002,4.7330000000000005,329.5,29.55,20.03,43.6,29.53,42.69,13.61
3/21/2017 9:00,1003,11.14,349.7,20.9,22.06,46.79,29.55,51.13,13.62
3/21/2017 10:00,1004,9.35,353.7,21.24,19.51,47.65,29.57,56.16,13.62
3/21/2017 11:00,1005,11.02,16.72,18.58,20.66,47.07,29.56,55.95,13.62
3/21/2017 12:00,1006,11.79,27.38,14.27,21.57,43.61,29.57,53.94,13.62
3/21/2017 13:00,1007,10.13,22.09,16.43,20.52,41.35,29.58,51.67,13.62
3/21/2017 14:00,1008,10.11,19.15,16.51,18.17,41.05,29.58,47.74,13.62
3/21/2017 15:00,1009,9.96,23.07,17.28,18.77,40.23,29.59,48.3,13.62
3/21/2017 16:00,1010,11.02,38.17,17.59,18.07,39.39,29.6,50.4,13.62
3/21/2017 17:00,1011,10.47,35.94,15.61,18.38,38.73,29.61,49.14,13.62
3/21/2017 18:00,1012,8.41,40.09,16.18,17.12,37.84,29.63,46.75,13.62
3/21/2017 19:00,1013,7.126,37.59,15.27,13.93,36.33,29.64,42.06,13.61
3/21/2017 20:00,1014,8.29,29.1,13.81,15.97,35.96,29.67,37.0,13.61
3/21/2017 21:00,1015,11.71,20.46,16.07,25.99,35.15,29.7,35.93,13.61
3/21/2017 22:00,1016,15.24,23.3,15.84,31.14,33.74,29.73,35.93,13.58
3/21/2017 23:00,1017,16.07,29.34,14.37,27.46,33.2,29.75,35.66,13.48
3/22/2017 0:00,1018,16.06,28.5,15.78,31.98,32.37,29.77,35.47,13.48
3/22/2017 1:00,1019,16.24,31.16,14.53,29.84,31.94,29.79,34.13,13.48
3/22/2017 2:00,1020,15.4,29.92,14.49,31.6,30.9,29.81,33.97,14.59
3/22/2017 3:00,1021,14.74,31.02,14.97,29.0,30.09,29.82,32.9,14.6
3/22/2017 4:00,1022,13.9,34.66,14.43,26.9,29.18,29.83,32.29,14.6
3/22/2017 5:00,1023,12.39,43.77,16.62,24.31,28.84,29.84,31.79,14.75
3/22/2017 6:00,1024,10.8,53.77,18.18,22.52,28.82,29.86,31.79,14.75
3/22/2017 7:00,1025,10.57,58.11,17.85,20.14,28.55,29.88,32.17,14.75
3/22/2017 8:00,1026,11.1,51.15,17.4,21.01,28.53,29.9,33.32,14.76
3/22/2017 9:00,1027,10.4,60.17,19.12,20.14,29.04,29.92,35.85,14.76
3/22/2017 10:00,1028,10.31,57.81,19.77,19.61,29.61,29.94,42.57,14.75
3/22/2017 11:00,1029,10.08,68.79,17.12,16.91,30.29,29.95,51.26,14.75
3/22/2017 12:00,1030,9.09,69.01,19.85,16.35,30.48,29.94,52.4,14.76
3/22/2017 13:00,1031,9.27,61.06,20.61,16.0,30.3,29.94,52.32,14.76
3/22/2017 14:00,1032,9.52,35.43,21.14,20.03,29.92,29.92,51.17,14.75
3/22/2017 15:00,1033,8.31,36.87,24.61,18.91,30.27,29.91,48.5,14.75
3/22/2017 16:00,1034,8.18,42.09,21.86,14.77,30.93,29.88,47.34,14.74
3/22/2017 17:00,1035,7.726,34.52,19.57,13.86,31.15,29.87,45.79,13.62
3/22/2017 18:00,1036,6.95,41.66,17.78,12.18,30.72,29.87,41.52,13.61
3/22/2017 19:00,1037,5.495,54.11,16.91,10.25,30.46,29.86,35.7,13.6
3/22/2017 20:00,1038,5.541,66.25,18.35,9.76,31.06,29.85,32.44,13.6
3/22/2017 21:00,1039,5.6160000000000005,78.51,17.04,11.55,31.22,29.85,31.6,13.6
3/22/2017 22:00,1040,5.502999999999999,88.0,17.68,11.55,31.63,29.83,30.41,13.6
3/22/2017 23:00,1041,4.909,90.8,19.06,10.67,32.21,29.83,30.49,13.6
3/23/2017 0:00,1042,3.738,127.6,26.52,9.27,32.27,29.83,30.45,13.6
3/23/2017 1:00,1043,7.082000000000001,144.0,15.48,15.41,32.35,29.81,31.67,13.6
3/23/2017 2:00,1044,7.082000000000001,147.9,15.98,16.07,32.0,29.81,31.71,13.6
3/23/2017 3:00,1045,8.72,141.3,15.52,17.12,31.2,29.79,31.67,13.6
3/23/2017 4:00,1046,5.6770000000000005,145.1,18.13,15.12,30.42,29.78,31.48,13.6
3/23/2017 5:00,1047,6.654,148.7,17.26,15.41,31.13,29.78,32.71,13.6
3/23/2017 6:00,1048,7.421,147.6,16.03,14.81,31.24,29.78,33.05,13.61
3/23/2017 7:00,1049,7.672999999999999,139.4,17.47,17.51,31.87,29.78,33.7,13.6
3/23/2017 8:00,1050,8.45,144.8,16.21,15.97,32.28,29.77,34.82,13.6
3/23/2017 9:00,1051,7.597,149.1,17.48,14.11,33.29,29.76,36.85,13.61
3/23/2017 10:00,1052,8.46,151.4,17.08,15.65,35.64,29.76,41.76,13.61
3/23/2017 11:00,1053,8.76,157.7,21.03,16.35,38.94,29.74,52.4,13.61
3/23/2017 12:00,1054,10.26,155.7,19.15,18.49,43.49,29.7,57.74,13.61
3/23/2017 13:00,1055,10.85,155.5,18.57,18.8,45.92,29.65,58.13,13.61
3/23/2017 14:00,1056,11.07,155.3,18.38,19.47,47.08,29.6,54.56,13.61
3/23/2017 15:00,1057,11.12,163.1,17.63,21.57,47.46,29.57,53.81,13.62
3/23/2017 16:00,1058,10.34,166.1,16.5,20.66,48.38,29.54,53.35,13.62
3/23/2017 17:00,1059,9.33,154.6,17.4,20.42,49.16,29.5,52.44,13.62
3/23/2017 18:00,1060,8.89,165.1,16.21,16.63,49.54,29.47,51.75,13.62
3/23/2017 19:00,1061,9.04,162.4,18.06,20.52,48.5,29.44,50.81,13.62
3/23/2017 20:00,1062,7.933,158.9,14.88,15.69,47.76,29.44,49.06,13.62
3/23/2017 21:00,1063,9.12,168.3,17.18,19.54,48.55,29.4,49.71,13.62
3/23/2017 22:00,1064,7.4479999999999995,178.7,17.15,16.18,49.96,29.39,50.32,13.62
3/23/2017 23:00,1065,6.185,184.0,15.59,14.42,49.42,29.38,50.16,13.62
3/24/2017 0:00,1066,2.501,198.8,55.43,8.47,48.12,29.39,49.55,13.62
3/24/2017 1:00,1067,3.165,174.6,15.41,6.117999999999999,46.86,29.36,47.74,13.62
3/24/2017 2:00,1068,2.803,173.8,19.13,6.082999999999999,46.06,29.34,45.75,13.62
3/24/2017 3:00,1069,3.373,180.6,13.23,6.888999999999999,45.62,29.33,45.83,13.62
3/24/2017 4:00,1070,5.1080000000000005,177.2,16.31,11.69,46.83,29.3,46.75,13.62
3/24/2017 5:00,1071,6.649,197.3,15.59,15.69,49.24,29.29,48.86,13.62
3/24/2017 6:00,1072,11.74,209.0,13.4,22.06,52.82,29.3,52.24,13.62
3/24/2017 7:00,1073,12.14,207.8,29.29,25.6,54.22,29.31,54.02,13.62
3/24/2017 8:00,1074,12.76,211.4,15.48,24.34,56.34,29.31,57.01,13.62
3/24/2017 9:00,1075,11.79,209.7,13.97,22.8,60.45,29.31,64.76,13.62
3/24/2017 10:00,1076,14.87,209.9,13.58,25.39,65.27,29.3,71.9,13.63
3/24/2017 11:00,1077,15.46,212.4,15.33,28.72,71.14,29.29,81.0,13.49
3/24/2017 12:00,1078,15.81,218.3,16.85,30.83,75.12,29.28,85.4,13.48
3/24/2017 13:00,1079,15.63,231.2,18.06,31.53,78.85,29.27,88.5,13.49
3/24/2017 14:00,1080,16.97,237.0,18.05,32.16,80.1,29.25,89.0,13.48
3/24/2017 15:00,1081,15.6,234.9,19.07,30.23,80.0,29.25,88.9,13.63
3/24/2017 16:00,1082,12.4,221.1,16.79,24.45,78.52,29.26,86.3,13.63
3/24/2017 17:00,1083,11.55,226.2,28.8,24.03,76.64,29.27,83.2,13.63
3/24/2017 18:00,1084,14.54,3.358,22.77,28.97,43.58,29.34,79.25,13.62
3/24/2017 19:00,1085,12.26,6.653,22.47,26.09,41.19,29.39,53.77,13.61
3/24/2017 20:00,1086,10.01,17.57,27.79,21.05,40.84,29.42,46.35,13.61
3/24/2017 21:00,1087,7.841,10.07,22.71,17.19,39.89,29.43,43.67,13.61
3/24/2017 22:00,1088,9.16,353.7,21.15,20.42,39.54,29.43,42.5,13.61
3/24/2017 23:00,1089,10.92,358.1,22.26,25.71,39.13,29.43,41.71,13.61
3/25/2017 0:00,1090,9.24,9.03,19.74,19.93,38.7,29.43,40.98,13.61
3/25/2017 1:00,1091,9.39,2.7439999999999998,21.79,18.35,38.67,29.43,40.59,13.61
3/25/2017 2:00,1092,9.67,356.3,21.06,20.21,38.62,29.43,40.36,13.61
3/25/2017 3:00,1093,8.41,7.765,20.39,16.7,38.59,29.41,40.12,13.61
3/25/2017 4:00,1094,8.46,16.17,16.42,15.83,38.66,29.39,40.28,13.61
3/25/2017 5:00,1095,6.4479999999999995,4.46,27.54,14.42,39.18,29.4,40.86,13.61
3/25/2017 6:00,1096,7.199,0.027000000000000003,21.98,15.05,39.42,29.4,40.98,13.61
3/25/2017 7:00,1097,7.932,14.95,17.28,20.35,39.4,29.41,41.06,13.61
3/25/2017 8:00,1098,8.29,25.55,16.39,17.12,39.35,29.41,41.09,13.61
3/25/2017 9:00,1099,10.09,22.37,13.52,18.52,39.3,29.39,41.41,13.61
3/25/2017 10:00,1100,6.789,12.96,18.91,14.6,39.72,29.41,42.22,13.61
3/25/2017 11:00,1101,7.093,10.07,18.98,14.77,40.77,29.4,43.9,13.61
3/25/2017 12:00,1102,7.495,10.02,19.03,14.88,41.9,29.39,46.15,13.62
3/25/2017 13:00,1103,5.909,13.97,17.49,13.16,43.38,29.37,48.02,13.62
3/25/2017 14:00,1104,4.527,15.68,16.34,9.52,44.38,29.35,48.82,13.62
3/25/2017 15:00,1105,4.396,2.2969999999999997,21.91,8.89,44.74,29.34,49.06,13.62
3/25/2017 16:00,1106,5.454,350.9,24.45,10.95,45.08,29.34,48.58,13.62
3/25/2017 17:00,1107,5.992000000000001,353.5,25.12,14.42,43.86,29.34,47.3,13.62
3/25/2017 18:00,1108,6.83,355.9,22.74,14.67,42.31,29.34,45.95,13.62
3/25/2017 19:00,1109,5.1080000000000005,7.744,24.54,11.59,42.45,29.34,44.73,13.62
3/25/2017 20:00,1110,3.862,8.56,20.7,8.19,42.79,29.34,44.73,13.62
3/25/2017 21:00,1111,1.68,13.37,36.81,4.891,44.32,29.34,46.07,13.62
3/25/2017 22:00,1112,2.678,49.55,32.24,4.7860000000000005,45.74,29.33,47.14,13.62
3/25/2017 23:00,1113,3.08,92.2,20.26,7.905,47.77,29.32,48.86,13.62
3/26/2017 0:00,1114,3.0189999999999997,88.7,21.82,7.8,47.67,29.3,49.35,13.62
3/26/2017 1:00,1115,3.6210000000000004,73.83,16.28,6.888999999999999,44.82,29.28,49.27,13.62
3/26/2017 2:00,1116,2.6719999999999997,80.5,25.56,7.379,44.8,29.27,47.5,13.62
3/26/2017 3:00,1117,3.1489999999999996,86.2,15.23,5.662000000000001,47.31,29.26,48.46,13.62
3/26/2017 4:00,1118,5.428999999999999,108.4,26.17,14.35,49.35,29.24,50.52,13.62
3/26/2017 5:00,1119,7.195,135.8,18.17,17.47,51.68,29.23,52.07,13.62
3/26/2017 6:00,1120,7.9270000000000005,135.3,17.1,18.31,51.44,29.23,52.24,13.62
3/26/2017 7:00,1121,7.632999999999999,137.6,18.18,17.37,51.67,29.23,52.44,13.61
3/26/2017 8:00,1122,5.88,153.2,15.87,12.81,52.28,29.23,53.52,13.62
3/26/2017 9:00,1123,7.428,158.4,14.26,14.49,54.19,29.22,55.78,13.62
3/26/2017 10:00,1124,6.367999999999999,163.8,15.17,11.87,56.38,29.22,59.52,13.62
3/26/2017 11:00,1125,6.345,179.8,19.54,12.29,58.31,29.21,62.53,13.62
3/26/2017 12:00,1126,6.148,204.0,20.63,13.76,59.17,29.19,65.45,13.63
3/26/2017 13:00,1127,7.919,224.6,16.45,17.79,60.19,29.19,66.1,13.63
3/26/2017 14:00,1128,8.16,233.1,16.52,16.98,60.58,29.18,64.9,13.62
3/26/2017 15:00,1129,9.63,241.9,16.25,18.91,61.27,29.18,67.09,13.63
3/26/2017 16:00,1130,9.47,228.5,17.09,20.1,59.81,29.19,66.06,13.63
3/26/2017 17:00,1131,7.727,229.4,16.69,14.53,58.22,29.19,63.61,13.63
3/26/2017 18:00,1132,6.905,230.4,14.87,13.23,56.86,29.21,61.59,13.63
3/26/2017 19:00,1133,7.952999999999999,221.5,16.82,17.4,56.02,29.22,59.21,13.62
3/26/2017 20:00,1134,6.531000000000001,224.7,16.5,14.11,54.69,29.24,57.66,13.62
3/26/2017 21:00,1135,7.6,237.0,14.22,14.7,54.06,29.25,56.38,13.62
3/26/2017 22:00,1136,10.61,248.4,12.66,17.65,52.87,29.26,55.53,13.62
3/26/2017 23:00,1137,8.82,247.3,11.88,16.46,51.88,29.26,54.48,13.62
3/27/2017 0:00,1138,8.2,243.9,13.28,14.95,51.05,29.25,53.6,13.62
3/27/2017 1:00,1139,7.25,234.2,14.1,13.51,50.1,29.25,52.73,13.62
3/27/2017 2:00,1140,8.41,240.6,13.67,15.62,50.21,29.27,52.03,13.62
3/27/2017 3:00,1141,6.986000000000001,243.6,13.13,14.18,50.8,29.26,52.16,13.62
3/27/2017 4:00,1142,7.7989999999999995,251.2,13.78,13.76,50.48,29.27,52.16,13.62
3/27/2017 5:00,1143,7.622999999999999,249.4,13.39,13.76,49.49,29.27,51.95,13.62
3/27/2017 6:00,1144,5.797999999999999,237.0,14.15,10.15,49.32,29.29,51.17,13.62
3/27/2017 7:00,1145,3.8510000000000004,223.2,17.05,7.309,49.39,29.31,51.46,13.63
3/27/2017 8:00,1146,4.16,259.7,71.01,7.414,49.14,29.31,52.32,13.62
3/27/2017 9:00,1147,5.672000000000001,35.22,16.63,10.78,43.85,29.32,52.16,13.62
3/27/2017 10:00,1148,6.015,51.4,20.4,10.64,43.01,29.33,49.35,13.62
3/27/2017 11:00,1149,5.732,66.06,16.12,9.66,42.71,29.33,48.78,13.62
3/27/2017 12:00,1150,5.596,70.46,13.59,9.94,42.43,29.32,49.67,13.62
3/27/2017 13:00,1151,5.337000000000001,69.8,14.65,9.06,42.59,29.31,49.71,13.62
3/27/2017 14:00,1152,5.672999999999999,45.73,17.46,11.27,43.78,29.29,51.21,13.62
3/27/2017 15:00,1153,5.495,39.77,20.4,8.89,42.17,29.29,50.73,13.62
3/27/2017 16:00,1154,7.162000000000001,33.22,14.7,13.3,41.94,29.28,47.22,13.62
3/27/2017 17:00,1155,8.44,27.57,14.86,14.67,40.95,29.28,45.59,13.62
3/27/2017 18:00,1156,6.9879999999999995,30.8,15.87,13.16,40.38,29.29,44.1,13.62
3/27/2017 19:00,1157,6.0729999999999995,26.17,18.41,11.27,39.94,29.31,43.0,13.62
3/27/2017 20:00,1158,7.013999999999999,25.1,14.74,11.83,39.86,29.32,42.45,13.62
3/27/2017 21:00,1159,7.045,20.62,17.11,14.07,39.33,29.33,42.06,13.61
3/27/2017 22:00,1160,6.832999999999999,23.19,14.99,12.57,39.27,29.34,41.71,13.62
3/27/2017 23:00,1161,5.752999999999999,12.52,17.83,10.81,39.54,29.34,41.64,13.62
3/28/2017 0:00,1162,6.393,357.0,19.5,13.37,39.3,29.35,41.41,13.61
3/28/2017 1:00,1163,7.23,353.4,20.99,14.46,39.06,29.35,39.74,13.61
3/28/2017 2:00,1164,8.16,359.5,20.78,16.95,38.8,29.34,39.58,13.62
3/28/2017 3:00,1165,8.72,357.3,22.66,19.68,38.71,29.36,40.24,13.61
3/28/2017 4:00,1166,9.21,2.3369999999999997,21.95,17.86,38.41,29.37,40.28,13.62
3/28/2017 5:00,1167,7.728,0.8290000000000001,21.9,17.61,38.33,29.39,40.17,13.61
3/28/2017 6:00,1168,8.36,2.9139999999999997,21.48,19.86,38.57,29.42,40.17,13.62
3/28/2017 7:00,1169,8.69,357.4,21.91,18.91,38.69,29.44,40.71,13.62
3/28/2017 8:00,1170,8.04,354.0,20.63,15.97,39.01,29.46,42.18,13.62
3/28/2017 9:00,1171,8.89,358.1,22.39,19.37,39.62,29.47,44.45,13.62
3/28/2017 10:00,1172,8.2,355.8,23.69,17.54,40.02,29.48,45.56,13.62
3/28/2017 11:00,1173,8.93,357.5,22.2,18.94,40.3,29.5,47.14,13.62
3/28/2017 12:00,1174,9.49,1.254,22.71,17.72,40.15,29.5,47.9,13.62
3/28/2017 13:00,1175,9.3,359.2,23.74,17.75,40.14,29.5,48.26,13.62
3/28/2017 14:00,1176,8.93,356.3,22.56,16.77,40.11,29.51,47.46,13.62
3/28/2017 15:00,1177,9.53,3.987,22.95,18.17,39.94,29.51,46.9,13.62
3/28/2017 16:00,1178,8.42,4.402,22.17,17.51,39.44,29.52,46.19,13.62
3/28/2017 17:00,1179,7.8420000000000005,4.298,22.98,15.55,39.15,29.52,44.53,13.62
3/28/2017 18:00,1180,6.987,359.8,21.94,13.27,38.93,29.54,43.0,13.62
3/28/2017 19:00,1181,6.242000000000001,8.77,22.52,12.6,38.52,29.55,41.68,13.62
3/28/2017 20:00,1182,5.768,20.88,20.57,10.18,38.44,29.55,40.86,13.62
3/28/2017 21:00,1183,5.617999999999999,30.12,16.4,11.41,38.12,29.58,40.51,13.62
3/28/2017 22:00,1184,6.178999999999999,29.57,14.4,12.32,38.35,29.59,40.32,13.62
3/28/2017 23:00,1185,7.622999999999999,42.71,17.92,15.12,36.78,29.59,40.32,13.61
3/29/2017 0:00,1186,6.3839999999999995,41.16,16.37,11.97,35.15,29.59,38.97,13.61
3/29/2017 1:00,1187,5.99,38.55,17.28,11.06,35.16,29.59,37.47,13.61
3/29/2017 2:00,1188,6.12,51.87,16.79,11.02,35.14,29.58,36.96,13.61
3/29/2017 3:00,1189,6.221,39.44,16.97,11.73,35.04,29.58,36.7,13.61
3/29/2017 4:00,1190,6.136,40.99,13.49,10.53,35.05,29.58,36.51,13.62
3/29/2017 5:00,1191,5.492999999999999,43.23,15.16,9.97,34.93,29.58,36.43,13.62
3/29/2017 6:00,1192,5.382999999999999,43.72,15.16,10.32,35.04,29.6,36.51,13.62
3/29/2017 7:00,1193,5.818,44.96,14.88,9.52,35.17,29.6,37.54,13.61
3/29/2017 8:00,1194,5.843,45.54,16.47,10.39,36.49,29.6,40.59,13.62
3/29/2017 9:00,1195,5.694,53.0,19.99,10.43,39.1,29.6,47.34,13.62
3/29/2017 10:00,1196,7.857,48.43,17.9,15.23,41.01,29.61,50.89,13.62
3/29/2017 11:00,1197,9.49,33.83,14.99,17.44,41.08,29.61,50.69,13.62
3/29/2017 12:00,1198,10.65,23.29,14.49,17.96,41.74,29.61,52.49,13.62
3/29/2017 13:00,1199,12.2,23.02,12.79,19.05,40.81,29.58,50.28,13.63
3/29/2017 14:00,1200,10.93,21.53,13.99,19.72,41.92,29.55,47.74,13.62
3/29/2017 15:00,1201,10.18,27.15,14.29,18.8,42.63,29.55,45.95,13.62
3/29/2017 16:00,1202,10.27,51.14,16.42,19.05,42.98,29.49,45.75,13.62
3/29/2017 17:00,1203,10.92,58.0,16.06,23.15,43.76,29.43,46.63,13.62
3/29/2017 18:00,1204,6.632999999999999,52.38,23.89,15.19,43.77,29.43,46.15,13.62
3/29/2017 19:00,1205,5.611000000000001,44.45,22.22,14.25,42.54,29.45,45.36,13.62
3/29/2017 20:00,1206,10.01,64.69,14.81,19.26,43.95,29.43,43.94,13.62
3/29/2017 21:00,1207,9.68,60.26,15.54,22.45,43.95,29.44,44.26,13.62
3/29/2017 22:00,1208,10.57,60.87,14.81,19.58,42.64,29.41,43.98,13.62
3/29/2017 23:00,1209,10.44,63.75,15.33,20.42,43.12,29.39,43.63,13.62
3/30/2017 0:00,1210,10.85,57.61,16.71,20.66,42.26,29.33,43.51,13.62
3/30/2017 1:00,1211,10.02,50.44,40.14,25.46,41.25,29.32,43.16,13.62
3/30/2017 2:00,1212,8.51,60.3,16.85,16.88,40.59,29.29,42.3,13.62
3/30/2017 3:00,1213,9.3,71.39,25.26,23.82,41.61,29.29,42.69,13.62
3/30/2017 4:00,1214,13.12,85.3,17.45,29.14,41.21,29.23,42.85,13.62
3/30/2017 5:00,1215,10.32,67.72,14.77,18.66,40.67,29.23,42.42,13.62
3/30/2017 6:00,1216,9.05,83.8,17.72,18.07,40.68,29.21,41.83,13.62
3/30/2017 7:00,1217,10.49,89.0,16.78,23.57,40.61,29.17,42.06,13.62
3/30/2017 8:00,1218,8.08,89.0,19.32,17.75,41.26,29.13,43.83,13.62
3/30/2017 9:00,1219,6.997999999999999,103.7,24.73,18.35,43.91,29.12,46.35,13.62
3/30/2017 10:00,1220,6.818,96.2,22.32,16.53,44.68,29.1,47.06,13.62
3/30/2017 11:00,1221,8.24,84.5,19.14,18.1,43.21,29.06,46.27,13.62
3/30/2017 12:00,1222,7.831,73.58,19.25,15.72,42.32,29.02,45.28,13.62
3/30/2017 13:00,1223,6.968,36.6,42.08,12.85,42.19,29.0,44.61,13.62
3/30/2017 14:00,1224,6.181,5.247000000000001,45.95,18.07,42.04,29.01,44.14,13.62
3/30/2017 15:00,1225,7.382999999999999,55.96,17.43,15.41,42.12,28.98,45.71,13.62
3/30/2017 16:00,1226,7.072,44.35,16.65,14.46,43.21,28.97,48.18,13.62
3/30/2017 17:00,1227,7.638999999999999,37.55,16.7,14.46,42.46,28.97,47.58,13.62
3/30/2017 18:00,1228,6.412999999999999,46.49,17.24,12.32,42.24,28.98,45.68,13.62
3/30/2017 19:00,1229,8.77,15.92,20.94,17.16,41.23,28.99,44.77,13.62
3/30/2017 20:00,1230,12.08,26.94,13.45,19.79,40.67,28.96,43.47,13.62
3/30/2017 21:00,1231,10.22,28.84,15.06,19.12,40.67,28.99,42.69,13.62
3/30/2017 22:00,1232,11.52,27.4,13.38,19.61,40.03,29.01,42.57,13.62
3/30/2017 23:00,1233,12.0,28.04,13.4,20.35,39.19,28.99,41.91,13.62
3/31/2017 0:00,1234,9.53,19.15,16.82,18.66,38.98,29.0,41.41,13.62
3/31/2017 1:00,1235,10.77,18.9,15.98,20.21,38.21,29.0,40.71,13.62
3/31/2017 2:00,1236,10.62,15.47,17.23,22.17,37.95,29.0,39.93,13.61
3/31/2017 3:00,1237,11.62,15.64,16.45,21.29,38.0,29.0,39.39,13.61
3/31/2017 4:00,1238,11.02,15.81,16.75,19.61,38.11,29.02,39.16,13.61
3/31/2017 5:00,1239,13.09,14.62,18.36,27.5,37.98,29.02,39.04,13.62
3/31/2017 6:00,1240,11.94,14.63,18.82,23.4,37.46,29.05,38.89,13.61
3/31/2017 7:00,1241,11.16,11.47,20.35,22.1,37.44,29.08,38.5,13.61
3/31/2017 8:00,1242,11.97,9.12,21.99,25.08,37.39,29.09,38.58,13.62
3/31/2017 9:00,1243,10.73,7.138999999999999,21.59,23.78,37.47,29.12,39.39,13.62
3/31/2017 10:00,1244,10.95,358.1,23.19,23.75,37.9,29.15,40.2,13.62
3/31/2017 11:00,1245,10.07,351.4,22.22,22.45,37.87,29.18,40.67,13.62
3/31/2017 12:00,1246,11.67,359.2,22.91,24.73,37.91,29.19,42.96,13.62
3/31/2017 13:00,1247,12.1,348.5,21.94,25.22,38.53,29.22,43.51,13.62
3/31/2017 14:00,1248,12.95,345.2,21.39,27.39,38.6,29.24,43.74,13.62
3/31/2017 15:00,1249,14.0,345.6,21.97,30.48,38.76,29.26,43.83,13.62
3/31/2017 16:00,1250,13.21,346.3,22.68,27.92,38.35,29.29,43.08,13.62
3/31/2017 17:00,1251,12.73,348.8,21.52,24.59,38.42,29.3,42.22,13.62
3/31/2017 18:00,1252,9.18,343.9,22.22,23.54,38.33,29.32,42.06,13.62
3/31/2017 19:00,1253,9.38,347.2,20.39,18.8,38.62,29.33,41.09,13.62
3/31/2017 20:00,1254,7.5329999999999995,350.0,20.53,16.53,38.7,29.36,40.28,13.62
3/31/2017 21:00,1255,7.233,349.6,21.89,15.48,38.7,29.38,40.09,13.62
3/31/2017 22:00,1256,6.781000000000001,348.2,21.0,14.98,39.14,29.4,40.32,13.62
3/31/2017 23:00,1257,7.524,0.401,22.16,15.16,39.31,29.41,40.4,13.62
