,TIMESTAMP TS,RECORD RN,AWS Mph WVc,AWD Deg WVc,SIG Deg WVc,Gust Mph Max,AvgT Deg_F Avg,ABP InHg Avg,Ltemp Deg_F Max,Batt Vdc Min
0,2017-04-01 00:00:00,1258,5.989,356.4,24.12,15.55,38.74,29.41,40.01,13.62
1,2017-04-01 01:00:00,1259,5.059,348.0,22.69,11.3,39.46,29.44,39.51,13.62
2,2017-04-01 02:00:00,1260,5.39,359.3,19.98,11.3,39.08,29.45,38.97,13.62
3,2017-04-01 03:00:00,1261,5.233,352.6,19.27,11.59,38.95,29.47,37.97,13.62
4,2017-04-01 04:00:00,1262,3.614,327.3,25.97,8.68,38.86,29.49,37.5,13.61
5,2017-04-01 05:00:00,1263,2.051,308.6,22.21,4.716,36.87,29.49,36.77,13.61
6,2017-04-01 06:00:00,1264,2.134,277.8,17.88,4.19,35.21,29.51,35.2,13.61
7,2017-04-01 07:00:00,1265,2.335,291.2,15.39,5.277,36.02,29.55,34.93,13.62
8,2017-04-01 08:00:00,1266,3.432,341.7,30.6,9.59,40.24,29.57,38.81,13.62
9,2017-04-01 09:00:00,1267,4.208,5.251,26.93,7.87,43.56,29.58,50.56,13.62
10,2017-04-01 10:00:00,1268,3.8,15.84,29.72,7.975,46.39,29.6,60.35,13.61
11,2017-04-01 11:00:00,1269,6.496,44.71,19.18,10.53,47.52,29.6,64.35,13.62
12,2017-04-01 12:00:00,1270,7.494,40.46,17.21,11.13,47.04,29.6,64.3,13.62
13,2017-04-01 13:00:00,1271,7.483,53.34,16.24,10.74,46.61,29.59,63.61,13.62
14,2017-04-01 14:00:00,1272,7.743,71.78,14.14,12.15,45.99,29.58,62.71,13.62
15,2017-04-01 15:00:00,1273,7.569,81.6,15.24,13.02,46.36,29.57,63.21,13.62
16,2017-04-01 16:00:00,1274,6.366,88.9,16.92,10.81,46.55,29.57,62.08,13.63
17,2017-04-01 17:00:00,1275,5.787,80.6,14.41,9.48,47,29.57,59.73,13.62
18,2017-04-01 18:00:00,1276,4.999,88.2,19.68,9.52,44.14,29.57,55.36,13.62
19,2017-04-01 19:00:00,1277,2.987,107.2,24.39,6.503,44.39,29.57,48.78,13.62
20,2017-04-01 20:00:00,1278,2.441,146.0,39.21,5.347,46.18,29.57,45.95,13.62
21,2017-04-01 21:00:00,1279,2.417,200.4,16.51,4.506,45.28,29.58,45.95,13.62
22,2017-04-01 22:00:00,1280,1.631,172.9,20.2,3.209,43.83,29.58,44.14,13.62
23,2017-04-01 23:00:00,1281,1.278,233.0,25.07,2.788,43.04,29.58,42.42,13.62
24,2017-04-02 00:00:00,1282,1.717,193.6,17.94,2.964,42.08,29.58,40.98,13.62
25,2017-04-02 01:00:00,1283,1.435,154.2,45.78,3.524,42.58,29.57,41.21,13.62
26,2017-04-02 02:00:00,1284,1.536,153.7,40.75,4.05,42.09,29.54,41.41,13.62
27,2017-04-02 03:00:00,1285,2.768,191.0,13.45,4.996,42.13,29.53,41.33,13.62
28,2017-04-02 04:00:00,1286,2.598,199.7,15.46,5.136,42.87,29.54,42.81,13.62
29,2017-04-02 05:00:00,1287,2.155,162.2,42.96,5.171,43.74,29.54,43.86,13.62
30,2017-04-02 06:00:00,1288,2.36,180.4,24.21,4.436,43.74,29.55,44.14,13.62
31,2017-04-02 07:00:00,1289,2.106,176.8,26.31,5.662,44.23,29.55,45.44,13.62
32,2017-04-02 08:00:00,1290,3.878,191.7,15.66,7.134,46.03,29.56,48.1,13.62
33,2017-04-02 09:00:00,1291,4.305,210.3,17.49,8.05,49.39,29.55,54.44,13.62
34,2017-04-02 10:00:00,1292,7.163,184.7,21.29,13.23,55.36,29.53,64.67,13.62
35,2017-04-02 11:00:00,1293,7.754,171.3,19.31,14.67,56.81,29.51,63.75,13.63
36,2017-04-02 12:00:00,1294,8.06,159.5,32.88,15.79,58.2,29.48,69.1,13.63
37,2017-04-02 13:00:00,1295,6.845,153.2,31.11,13.44,57.45,29.45,67.61,13.63
38,2017-04-02 14:00:00,1296,6.916,160.3,18.67,13.3,56.57,29.42,62.13,13.63
39,2017-04-02 15:00:00,1297,6.083,87.7,25.85,12.78,51.02,29.39,61.54,13.62
40,2017-04-02 16:00:00,1298,5.17,82.7,17.59,9.69,48.35,29.38,57.83,13.62
41,2017-04-02 17:00:00,1299,5.581,77.94,16.51,10.04,47.41,29.35,53.19,13.62
42,2017-04-02 18:00:00,1300,4.992,81.9,16.03,10.01,45.88,29.34,51.26,13.62
43,2017-04-02 19:00:00,1301,4.411,72.32,14.05,9.69,46.23,29.32,49.39,13.62
44,2017-04-02 20:00:00,1302,4.228,95.5,19.75,9.8,46.88,29.31,48.7,13.62
45,2017-04-02 21:00:00,1303,4.319,74.62,31.17,9.8,47.49,29.3,49.19,13.62
46,2017-04-02 22:00:00,1304,4.954,66.61,13.31,8.57,45.25,29.27,48.7,13.62
47,2017-04-02 23:00:00,1305,4.177,65.77,13.84,7.309,45.4,29.24,46.47,13.62
48,2017-04-03 00:00:00,1306,3.87,81.9,14.29,8.36,45.75,29.21,46.03,13.62
49,2017-04-03 01:00:00,1307,3.026,83.2,14.81,6.854,45.63,29.18,46.15,13.62
50,2017-04-03 02:00:00,1308,4.646,131.4,21.92,10.22,50.54,29.15,49.67,13.62
51,2017-04-03 03:00:00,1309,3.695,142.1,30.71,11.69,51.98,29.13,51.34,13.62
52,2017-04-03 04:00:00,1310,3.291,45.71,38.27,6.994,48.75,29.1,51.34,13.62
53,2017-04-03 05:00:00,1311,3.99,58.07,29.21,8.33,44.92,29.08,49.99,13.62
54,2017-04-03 06:00:00,1312,2.996,41.56,36.25,5.557,45.09,29.07,47.46,13.62
55,2017-04-03 07:00:00,1313,3.64,41.23,18.97,8.96,46.01,29.03,47.98,13.63
56,2017-04-03 08:00:00,1314,5.315,63.84,17.11,10.04,46.27,29.0,48.82,13.63
57,2017-04-03 09:00:00,1315,4.733,40.56,18.67,9.06,45.13,28.99,48.9,13.63
58,2017-04-03 10:00:00,1316,3.85,50.22,18.28,8.01,45.13,28.98,49.14,13.63
59,2017-04-03 11:00:00,1317,4.289,65.67,16.26,7.379,45.04,28.95,49.39,13.63
60,2017-04-03 12:00:00,1318,3.875,35.16,18.72,7.379,44.55,28.91,48.9,13.63
61,2017-04-03 13:00:00,1319,4.012,54.83,26.59,7.134,45.45,28.87,47.86,13.63
62,2017-04-03 14:00:00,1320,5.585,80.3,16.35,12.15,46.3,28.83,49.43,13.63
63,2017-04-03 15:00:00,1321,5.352,80.6,18.59,10.67,45.96,28.8,50.12,13.63
64,2017-04-03 16:00:00,1322,4.392,52.83,38.05,9.06,45.12,28.78,49.67,13.63
65,2017-04-03 17:00:00,1323,4.766,71.88,26.07,10.25,46.81,28.76,48.95,13.63
66,2017-04-03 18:00:00,1324,3.361,29.75,81.7,8.57,46.62,28.73,48.78,13.63
67,2017-04-03 19:00:00,1325,4.339,337.8,53.29,8.57,46.49,28.7,48.7,13.63
68,2017-04-03 20:00:00,1326,3.287,356.6,32.84,6.538,47,28.71,48.82,13.63
69,2017-04-03 21:00:00,1327,3.629,357.6,21.96,6.398,45.19,28.73,48.66,13.63
70,2017-04-03 22:00:00,1328,4.577,318.4,40.35,13.79,45.33,28.73,47.46,13.63
71,2017-04-03 23:00:00,1329,8.17,291.2,13.47,15.3,45.67,28.74,47.3,13.63
72,2017-04-04 00:00:00,1330,9.49,287.0,11.74,17.96,46.44,28.75,47.3,13.62
73,2017-04-04 01:00:00,1331,7.788,279.1,11.2,15.72,46.47,28.78,47.42,13.63
74,2017-04-04 02:00:00,1332,8.84,283.1,13.21,18.35,47.31,28.8,47.74,13.63
75,2017-04-04 03:00:00,1333,9.59,278.3,13.15,16.39,47.43,28.82,48.14,13.63
76,2017-04-04 04:00:00,1334,8.89,275.2,15.43,16.63,47.15,28.84,48.38,13.63
77,2017-04-04 05:00:00,1335,9.19,273.7,11.33,16.14,47.03,28.88,48.46,13.63
78,2017-04-04 06:00:00,1336,8.57,278.7,11.77,16.11,46.83,28.92,48.42,13.63
79,2017-04-04 07:00:00,1337,8.72,284.9,12.62,15.26,47.09,28.95,48.82,13.63
80,2017-04-04 08:00:00,1338,9.12,285.2,11.44,16.21,47.05,28.99,49.27,13.63
81,2017-04-04 09:00:00,1339,8.86,301.0,16.88,15.69,46.96,29.02,49.59,13.63
82,2017-04-04 10:00:00,1340,7.528,290.4,14.44,12.43,46.28,29.06,49.43,13.63
83,2017-04-04 11:00:00,1341,4.541,317.8,39.34,12.46,47.27,29.1,49.67,13.63
84,2017-04-04 12:00:00,1342,6.029,9.7,20.63,13.76,46.47,29.13,49.43,13.63
85,2017-04-04 13:00:00,1343,6.733,10.19,21.75,12.53,47.55,29.16,52.94,13.62
86,2017-04-04 14:00:00,1344,6.71,40.17,20.03,12.57,49.26,29.17,60.7,13.62
87,2017-04-04 15:00:00,1345,6.263,71.07,22.34,13.41,49.2,29.19,62.85,13.63
88,2017-04-04 16:00:00,1346,6.623,47.17,21.78,14.77,47.11,29.22,60.09,13.63
89,2017-04-04 17:00:00,1347,5.293,63.61,18.33,9.24,46.99,29.23,53.52,13.62
90,2017-04-04 18:00:00,1348,3.795,89.3,26.68,8.22,46.32,29.26,51.87,13.62
91,2017-04-04 19:00:00,1349,2.533,180.0,33.0,5.136,47.23,29.29,49.95,13.63
92,2017-04-04 20:00:00,1350,1.646,84.3,24.53,3.069,46.86,29.3,48.62,13.62
93,2017-04-04 21:00:00,1351,1.773,98.3,15.3,3.805,43.93,29.29,45.95,13.62
94,2017-04-04 22:00:00,1352,2.051,91.9,18.25,4.576,43.44,29.28,42.77,13.62
95,2017-04-04 23:00:00,1353,1.974,101.0,17.03,3.98,43.3,29.29,42.34,13.62
96,2017-04-05 00:00:00,1354,3.432,78.84,13.01,6.468,44.81,29.29,43.9,13.62
97,2017-04-05 01:00:00,1355,4.49,49.58,19.85,8.36,44.06,29.28,44.42,13.62
98,2017-04-05 02:00:00,1356,4.256,64.57,27.6,10.43,43.73,29.29,44.49,13.62
99,2017-04-05 03:00:00,1357,4.051,73.28,14.33,7.45,42.52,29.31,44.49,13.62
100,2017-04-05 04:00:00,1358,6.482,56.11,18.81,13.79,41.37,29.28,43.86,13.62
101,2017-04-05 05:00:00,1359,7.621,59.71,17.79,15.05,41.05,29.25,43.0,13.62
102,2017-04-05 06:00:00,1360,8.77,56.63,16.32,17.89,41.44,29.23,42.53,13.62
103,2017-04-05 07:00:00,1361,7.252,60.03,20.94,14.88,41.4,29.23,42.61,13.62
104,2017-04-05 08:00:00,1362,7.662,65.81,17.09,13.2,40.71,29.22,42.61,13.62
105,2017-04-05 09:00:00,1363,7.284,67.13,15.12,13.48,40.69,29.21,42.96,13.62
106,2017-04-05 10:00:00,1364,10.58,53.1,17.19,22.73,41.57,29.15,44.26,13.62
107,2017-04-05 11:00:00,1365,12.84,38.84,15.17,23.68,41.22,29.12,44.49,13.62
108,2017-04-05 12:00:00,1366,14.9,36.23,14.18,27.43,41.21,29.09,44.85,13.62
109,2017-04-05 13:00:00,1367,14.04,30.12,14.05,24.73,40.67,29.08,44.18,13.62
110,2017-04-05 14:00:00,1368,16.07,31.71,14.37,27.04,40.67,29.05,43.24,13.62
111,2017-04-05 15:00:00,1369,17.17,32.53,14.44,34.96,40.07,29.03,43.0,13.49
112,2017-04-05 16:00:00,1370,17.44,29.72,14.5,32.61,39.8,29.02,42.61,13.48
113,2017-04-05 17:00:00,1371,15.66,21.0,17.34,31.49,39.11,29.03,42.3,13.47
114,2017-04-05 18:00:00,1372,17.66,23.1,15.92,34.54,39.12,29.02,41.71,14.63
115,2017-04-05 19:00:00,1373,17.94,25.68,15.54,34.58,39.11,29.0,41.79,14.63
116,2017-04-05 20:00:00,1374,16.42,23.63,16.43,31.0,39.3,29.01,41.87,13.48
117,2017-04-05 21:00:00,1375,16.41,24.06,16.52,35.35,39.77,29.02,42.03,14.54
118,2017-04-05 22:00:00,1376,18.61,26.16,15.8,34.23,39.13,29.01,41.95,14.6
119,2017-04-05 23:00:00,1377,17.17,23.64,16.45,35.87,39.23,29.0,41.41,13.49
120,2017-04-06 00:00:00,1378,14.89,12.21,20.24,31.25,38.97,29.01,41.25,14.59
121,2017-04-06 01:00:00,1379,14.42,358.0,23.02,29.46,37.62,29.01,40.51,14.6
122,2017-04-06 02:00:00,1380,15.72,353.7,23.26,36.05,38.29,29.0,40.01,14.58
123,2017-04-06 03:00:00,1381,17.49,353.0,23.3,37.17,38.46,29.0,40.43,14.56
124,2017-04-06 04:00:00,1382,17.38,345.5,22.96,35.07,37.67,29.02,40.36,13.49
125,2017-04-06 05:00:00,1383,17.85,345.9,22.04,37.66,37.31,29.04,39.66,14.59
126,2017-04-06 06:00:00,1384,16.51,346.1,22.98,34.4,38.7,29.07,40.59,14.56
127,2017-04-06 07:00:00,1385,18.13,345.1,23.49,36.12,39.2,29.1,42.11,13.48
128,2017-04-06 08:00:00,1386,17.36,343.2,24.51,36.22,40.32,29.11,44.37,13.49
129,2017-04-06 09:00:00,1387,16.55,343.8,22.59,36.92,41.29,29.13,46.43,13.48
130,2017-04-06 10:00:00,1388,17.82,343.6,23.17,41.9,41.16,29.16,48.38,13.48
131,2017-04-06 11:00:00,1389,19.03,344.4,23.13,38.43,41.7,29.19,53.48,14.5
132,2017-04-06 12:00:00,1390,15.91,343.4,23.86,33.21,42.67,29.2,55.66,13.48
133,2017-04-06 13:00:00,1391,16.72,345.8,22.17,33.0,42.87,29.22,55.74,13.48
134,2017-04-06 14:00:00,1392,14.47,354.4,25.01,29.35,43.02,29.24,56.76,13.48
135,2017-04-06 15:00:00,1393,13.52,349.5,23.79,27.6,43.63,29.25,56.76,13.48
136,2017-04-06 16:00:00,1394,12.86,352.6,24.32,25.22,43.21,29.26,55.48,13.61
137,2017-04-06 17:00:00,1395,11.48,350.2,23.78,24.2,43.28,29.28,53.35,13.61
138,2017-04-06 18:00:00,1396,9.9,354.2,23.73,22.66,41.83,29.3,51.95,13.61
139,2017-04-06 19:00:00,1397,9.36,357.2,23.73,18.8,40.46,29.31,46.63,13.6
140,2017-04-06 20:00:00,1398,9.03,358.3,22.42,20.84,39.79,29.34,41.71,13.6
141,2017-04-06 21:00:00,1399,9.22,4.361,22.35,21.68,39.55,29.36,40.01,13.61
142,2017-04-06 22:00:00,1400,9.01,1.748,22.16,19.82,39.8,29.37,39.01,13.61
143,2017-04-06 23:00:00,1401,8.19,356.6,23.84,18.59,39.82,29.38,38.97,13.6
144,2017-04-07 00:00:00,1402,9.84,345.4,20.62,21.43,39.84,29.38,38.89,13.6
145,2017-04-07 01:00:00,1403,10.75,337.6,24.79,24.45,40.9,29.38,39.58,13.61
146,2017-04-07 02:00:00,1404,8.53,315.3,24.7,20.59,40.38,29.37,39.62,13.61
147,2017-04-07 03:00:00,1405,8.17,309.4,20.23,15.55,39.19,29.38,39.16,13.61
148,2017-04-07 04:00:00,1406,7.439,318.8,25.13,17.02,38.95,29.38,38.0,13.61
149,2017-04-07 05:00:00,1407,8.15,323.8,26.55,19.96,39.13,29.39,37.42,13.61
150,2017-04-07 06:00:00,1408,8.17,327.8,25.96,21.82,38.89,29.41,37.5,13.61
151,2017-04-07 07:00:00,1409,9.95,327.1,26.2,23.12,39.87,29.43,39.08,13.61
152,2017-04-07 08:00:00,1410,11.95,342.1,25.03,26.48,40.69,29.45,40.4,13.61
153,2017-04-07 09:00:00,1411,12.96,345.3,24.39,28.27,40.82,29.46,46.35,13.61
154,2017-04-07 10:00:00,1412,12.44,343.5,24.71,28.34,41.35,29.48,51.99,13.61
155,2017-04-07 11:00:00,1413,12.43,347.5,23.63,26.44,42.47,29.48,55.91,13.61
156,2017-04-07 12:00:00,1414,11.85,358.2,25.72,24.62,42.75,29.49,57.01,13.61
157,2017-04-07 13:00:00,1415,11.34,355.5,25.32,22.76,43.69,29.49,58.26,13.61
158,2017-04-07 14:00:00,1416,10.61,358.0,25.77,23.05,44.93,29.48,58.65,13.61
159,2017-04-07 15:00:00,1417,10.65,11.38,23.29,18.45,46.14,29.47,59.04,13.61
160,2017-04-07 16:00:00,1418,10.18,20.83,18.23,17.82,46.67,29.46,58.69,13.62
161,2017-04-07 17:00:00,1419,8.47,31.54,18.68,15.65,45.51,29.46,58.0,13.62
162,2017-04-07 18:00:00,1420,5.354,64.94,24.37,11.41,45.16,29.45,55.78,13.62
163,2017-04-07 19:00:00,1421,2.588,100.8,34.88,7.029,42.56,29.44,52.65,13.61
164,2017-04-07 20:00:00,1422,1.923,164.3,42.88,4.015,41.57,29.44,43.86,13.61
165,2017-04-07 21:00:00,1423,3.043,199.6,12.05,5.171,41.07,29.44,40.28,13.61
166,2017-04-07 22:00:00,1424,3.462,187.1,11.92,5.978,41.26,29.43,39.55,13.61
167,2017-04-07 23:00:00,1425,3.712,194.4,13.76,6.819,41.41,29.42,40.55,13.61
168,2017-04-08 00:00:00,1426,2.221,218.6,17.92,5.487,41.09,29.42,40.59,13.61
169,2017-04-08 01:00:00,1427,3.351,206.1,14.02,6.503,40.79,29.42,39.47,13.61
170,2017-04-08 02:00:00,1428,4.104,202.5,12.1,8.08,41.17,29.41,40.12,13.61
171,2017-04-08 03:00:00,1429,3.941,207.1,12.76,8.4,40.51,29.41,39.58,13.61
172,2017-04-08 04:00:00,1430,4.451,202.2,14.82,8.85,40.36,29.41,38.39,13.61
173,2017-04-08 05:00:00,1431,4.166,183.7,12.53,6.819,39.88,29.41,38.27,13.61
174,2017-04-08 06:00:00,1432,4.379,182.6,13.72,7.94,39.91,29.42,38.42,13.61
175,2017-04-08 07:00:00,1433,5.922,185.1,14.52,10.25,42.01,29.44,41.09,13.61
176,2017-04-08 08:00:00,1434,6.719,190.8,15.97,12.74,46.56,29.43,45.83,13.62
177,2017-04-08 09:00:00,1435,9.07,198.3,17.02,16.28,52.17,29.42,56.16,13.62
178,2017-04-08 10:00:00,1436,10.72,208.2,21.83,19.89,55.74,29.4,63.52,13.62
179,2017-04-08 11:00:00,1437,11.87,204.4,21.78,21.64,57.85,29.38,69.49,13.63
180,2017-04-08 12:00:00,1438,11.59,197.6,20.11,22.45,61.06,29.35,72.86,13.63
181,2017-04-08 13:00:00,1439,12.37,211.8,17.92,22.52,63.01,29.33,74.19,13.63
182,2017-04-08 14:00:00,1440,12.3,193.3,19.4,22.48,65.07,29.31,75.12,13.63
183,2017-04-08 15:00:00,1441,13.6,185.4,21.09,22.98,65.97,29.27,75.12,13.63
184,2017-04-08 16:00:00,1442,13.78,182.1,17.49,25.25,66.73,29.25,74.19,13.63
185,2017-04-08 17:00:00,1443,12.88,181.8,16.88,24.31,66.16,29.23,73.83,13.63
186,2017-04-08 18:00:00,1444,12.23,179.1,16.98,25.11,64.99,29.22,71.35,13.63
187,2017-04-08 19:00:00,1445,10.45,176.2,15.57,19.86,63.31,29.22,67.75,13.62
188,2017-04-08 20:00:00,1446,9.43,172.6,14.67,17.3,61.19,29.23,63.52,13.62
189,2017-04-08 21:00:00,1447,9.83,181.8,15.62,18.84,60.11,29.23,60.97,13.62
190,2017-04-08 22:00:00,1448,10.85,194.7,16.28,21.5,58.88,29.23,59.69,13.62
191,2017-04-08 23:00:00,1449,9.27,196.2,17.98,17.61,58.66,29.23,58.52,13.62
192,2017-04-09 00:00:00,1450,10.45,193.6,16.08,19.96,58.38,29.23,57.53,13.62
193,2017-04-09 01:00:00,1451,11.35,190.2,16.3,23.92,58.01,29.22,57.74,13.62
194,2017-04-09 02:00:00,1452,10.66,192.2,15.23,22.73,58.37,29.2,57.96,13.62
195,2017-04-09 03:00:00,1453,10.49,192.9,14.96,20.07,58.27,29.19,57.96,13.62
196,2017-04-09 04:00:00,1454,10.31,199.4,14.72,21.22,57.48,29.19,57.83,13.62
197,2017-04-09 05:00:00,1455,9.15,192.8,15.43,19.23,56.57,29.18,57.01,13.62
198,2017-04-09 06:00:00,1456,8.69,196.5,15.99,16.95,56.41,29.18,56.38,13.62
199,2017-04-09 07:00:00,1457,10.02,194.8,15.48,19.86,57.24,29.19,57.57,13.62
200,2017-04-09 08:00:00,1458,11.46,201.3,18.36,23.64,59.81,29.19,61.41,13.62
201,2017-04-09 09:00:00,1459,13.72,200.7,15.45,26.55,63.18,29.18,67.85,13.62
202,2017-04-09 10:00:00,1460,12.37,199.8,16.86,25.92,65.41,29.17,72.86,13.63
203,2017-04-09 11:00:00,1461,12.75,192.6,16.5,25.95,67.66,29.15,75.02,13.63
204,2017-04-09 12:00:00,1462,13.01,193.8,16.79,23.54,70.25,29.13,77.99,13.63
205,2017-04-09 13:00:00,1463,13.46,193.7,18.44,26.48,73.29,29.11,82.7,13.63
206,2017-04-09 14:00:00,1464,14.48,198.2,17.18,28.93,75.09,29.09,84.0,13.49
207,2017-04-09 15:00:00,1465,16.3,202.2,16.91,32.61,76.5,29.06,84.9,13.49
208,2017-04-09 16:00:00,1466,17.05,189.5,16.29,32.26,75.42,29.04,84.6,13.5
209,2017-04-09 17:00:00,1467,16.47,187.2,16.19,34.61,75.68,29.03,81.2,13.48
210,2017-04-09 18:00:00,1468,16.03,190.5,16.22,33.84,74.28,29.03,79.2,13.48
211,2017-04-09 19:00:00,1469,15.64,197.6,15.84,31.95,72.32,29.05,76.22,11.8
212,2017-04-09 20:00:00,1470,13.21,200.1,14.86,26.06,70.3,29.07,73.72,11.79
213,2017-04-09 21:00:00,1471,13.26,202.5,15.95,26.66,69.71,29.08,71.95,12.21
214,2017-04-09 22:00:00,1472,14.29,203.6,15.25,27.18,69.57,29.07,71.5,11.71
215,2017-04-09 23:00:00,1473,14.09,199.9,15.58,28.86,68.6,29.07,71.5,11.72
216,2017-04-10 00:00:00,1474,13.77,201.2,15.45,31.32,68.13,29.08,71.3,11.53
217,2017-04-10 01:00:00,1475,14.63,210.3,14.22,27.6,68.09,29.08,70.71,11.63
218,2017-04-10 02:00:00,1476,14.81,210.6,14.09,28.13,68.11,29.09,70.56,13.48
219,2017-04-10 03:00:00,1477,12.63,206.2,16.48,24.13,66.62,29.08,70.17,13.62
220,2017-04-10 04:00:00,1478,14.75,212.6,12.2,26.59,66.25,29.08,68.04,13.62
221,2017-04-10 05:00:00,1479,14.15,211.1,12.35,28.55,66.26,29.1,67.47,13.48
222,2017-04-10 06:00:00,1480,12.54,215.4,14.89,24.69,65.76,29.14,67.18,13.63
223,2017-04-10 07:00:00,1481,13.14,239.3,17.43,26.2,65.25,29.19,67.18,13.63
224,2017-04-10 08:00:00,1482,12.78,225.6,23.37,25.99,64.19,29.22,65.87,13.63
225,2017-04-10 09:00:00,1483,10.24,203.1,18.07,19.44,66.89,29.14,71.6,13.63
226,2017-04-10 10:00:00,1484,11.18,207.9,15.44,23.57,74.05,29.15,80.4,13.63
227,2017-04-10 11:00:00,1485,15.71,204.8,15.11,29.74,73.03,29.19,81.0,13.48
228,2017-04-10 12:00:00,1486,14.96,191.0,15.96,29.21,72.09,29.2,80.1,13.48
229,2017-04-10 13:00:00,1487,11.33,218.8,25.14,28.72,67.27,29.22,77.08,13.63
230,2017-04-10 14:00:00,1488,9.96,208.2,17.88,21.75,69.62,29.22,74.65,13.62
231,2017-04-10 15:00:00,1489,11.09,193.7,17.93,22.73,70.21,29.19,74.81,13.63
232,2017-04-10 16:00:00,1490,14.92,199.2,17.65,32.09,67.09,29.18,73.93,13.62
233,2017-04-10 17:00:00,1491,12.95,209.0,20.91,28.97,66.88,29.18,69.44,13.48
234,2017-04-10 18:00:00,1492,11.17,211.5,20.52,26.97,67.43,29.2,71.01,13.62
235,2017-04-10 19:00:00,1493,10.48,7.694,24.05,21.29,45.09,29.26,70.22,13.6
236,2017-04-10 20:00:00,1494,7.98,17.82,18.38,15.79,44.03,29.29,53.19,13.6
237,2017-04-10 21:00:00,1495,9.9,15.24,18.15,18.03,41.88,29.33,48.06,13.61
238,2017-04-10 22:00:00,1496,7.332,0.417,23.25,17.16,40.93,29.34,44.92,13.61
239,2017-04-10 23:00:00,1497,7.972,17.61,18.19,14.56,40.71,29.35,43.83,13.61
240,2017-04-11 00:00:00,1498,7.253,12.65,21.21,14.39,39.87,29.36,43.24,13.61
241,2017-04-11 01:00:00,1499,5.762,23.54,20.05,10.01,39.8,29.36,42.5,13.61
242,2017-04-11 02:00:00,1500,4.793,15.99,23.24,10.39,40.15,29.38,42.57,13.61
243,2017-04-11 03:00:00,1501,4.678,25.59,36.01,10.08,40.35,29.39,42.73,13.61
244,2017-04-11 04:00:00,1502,2.459,75.35,44.96,5.452,40.55,29.41,43.2,13.61
245,2017-04-11 05:00:00,1503,3.118,120.6,22.34,6.573,41.36,29.44,43.94,13.61
246,2017-04-11 06:00:00,1504,2.724,137.2,37.94,5.452,43.34,29.46,45.12,13.62
247,2017-04-11 07:00:00,1505,2.459,181.3,26.07,6.433,45.17,29.48,47.18,13.62
248,2017-04-11 08:00:00,1506,9.81,274.4,16.34,20.21,48.51,29.5,50.85,13.62
249,2017-04-11 09:00:00,1507,10.47,278.5,14.19,19.09,48.6,29.52,52.36,13.61
250,2017-04-11 10:00:00,1508,9.86,270.1,15.6,17.68,48.07,29.55,52.53,13.61
251,2017-04-11 11:00:00,1509,11.84,267.6,17.15,20.98,49.11,29.57,54.6,13.61
252,2017-04-11 12:00:00,1510,10.45,269.0,15.62,19.51,49.35,29.57,55.95,13.61
253,2017-04-11 13:00:00,1511,9.87,262.0,19.67,16.18,50.89,29.57,58.47,13.62
254,2017-04-11 14:00:00,1512,9.7,273.0,16.41,16.7,52.34,29.57,60.79,13.62
255,2017-04-11 15:00:00,1513,9.98,264.6,18.1,18.28,53.04,29.57,60.35,13.62
256,2017-04-11 16:00:00,1514,9.94,262.2,19.61,17.61,54.18,29.57,60.44,13.62
257,2017-04-11 17:00:00,1515,9.28,264.0,14.83,15.62,54.46,29.58,60.13,13.62
258,2017-04-11 18:00:00,1516,9.77,258.3,15.88,18.59,53.45,29.59,59.21,13.62
259,2017-04-11 19:00:00,1517,8.28,256.9,13.59,14.53,51.73,29.6,56.76,13.62
260,2017-04-11 20:00:00,1518,8.48,263.0,12.19,15.26,50.42,29.62,53.11,13.61
261,2017-04-11 21:00:00,1519,7.942,268.4,13.03,14.07,49.44,29.64,51.54,13.61
262,2017-04-11 22:00:00,1520,4.452,273.4,11.39,10.39,48.2,29.65,50.44,13.61
263,2017-04-11 23:00:00,1521,4.239,254.1,16.09,7.905,47.07,29.66,47.22,13.61
264,2017-04-12 00:00:00,1522,4.205,252.9,12.64,7.485,45.8,29.66,45.83,13.61
265,2017-04-12 01:00:00,1523,3.198,318.8,42.75,7.905,44.28,29.66,44.53,13.61
266,2017-04-12 02:00:00,1524,1.635,354.3,38.37,4.12,43.19,29.66,42.92,13.61
267,2017-04-12 03:00:00,1525,0.984,216.2,20.55,2.052,41.21,29.67,41.29,13.61
268,2017-04-12 04:00:00,1526,1.008,255.1,28.59,2.052,40.48,29.68,39.58,13.61
269,2017-04-12 05:00:00,1527,1.4,242.1,28.61,2.753,40.15,29.69,38.47,13.61
270,2017-04-12 06:00:00,1528,1.436,277.7,15.88,2.508,40.66,29.71,38.35,13.61
271,2017-04-12 07:00:00,1529,1.87,295.6,29.6,4.541,42.95,29.72,41.29,13.61
272,2017-04-12 08:00:00,1530,4.439,11.36,33.61,10.22,46.52,29.74,45.79,13.61
273,2017-04-12 09:00:00,1531,6.27,34.16,22.72,11.09,46.97,29.75,53.19,13.62
274,2017-04-12 10:00:00,1532,6.62,57.96,24.07,11.09,47.85,29.77,61.15,13.61
275,2017-04-12 11:00:00,1533,7.091,70.94,17.66,12.5,48.37,29.78,67.75,13.62
276,2017-04-12 12:00:00,1534,8.29,60.44,20.12,14.35,47.75,29.78,67.61,13.62
277,2017-04-12 13:00:00,1535,9.64,76.3,16.91,14.84,47.54,29.77,65.5,13.62
278,2017-04-12 14:00:00,1536,9.19,74.46,16.67,16.42,47.51,29.75,63.94,13.62
279,2017-04-12 15:00:00,1537,9.46,77.26,16.22,16.49,47.57,29.74,62.04,13.62
280,2017-04-12 16:00:00,1538,8.61,81.3,15.96,14.14,48.16,29.73,61.99,13.62
281,2017-04-12 17:00:00,1539,7.609,76.11,16.0,13.41,46.92,29.74,60.53,13.62
282,2017-04-12 18:00:00,1540,7.266,77.26,15.63,13.23,46.19,29.75,53.77,13.61
283,2017-04-12 19:00:00,1541,8.96,74.1,14.0,15.44,45.94,29.74,49.91,13.62
284,2017-04-12 20:00:00,1542,6.95,77.56,18.08,14.46,45.68,29.74,47.94,13.62
285,2017-04-12 21:00:00,1543,7.034,68.71,14.74,13.51,45.45,29.75,46.9,13.62
286,2017-04-12 22:00:00,1544,6.775,77.9,15.87,12.85,45.55,29.75,46.55,13.62
287,2017-04-12 23:00:00,1545,6.678,86.6,24.63,15.26,45.36,29.73,46.35,13.62
288,2017-04-13 00:00:00,1546,6.527,68.62,18.96,13.37,45.29,29.71,46.03,13.62
289,2017-04-13 01:00:00,1547,6.618,87.1,28.12,14.25,45.46,29.7,46.19,13.62
290,2017-04-13 02:00:00,1548,2.932,87.5,36.43,6.223,46.58,29.69,46.43,13.62
291,2017-04-13 03:00:00,1549,4.591,78.75,19.06,10.11,46.15,29.68,46.79,13.62
292,2017-04-13 04:00:00,1550,5.567,53.93,37.69,13.3,46.09,29.68,47.02,13.62
293,2017-04-13 05:00:00,1551,7.453,19.51,24.94,14.7,45.77,29.71,47.1,13.62
294,2017-04-13 06:00:00,1552,6.825,44.0,16.36,13.58,45.38,29.71,46.82,13.62
295,2017-04-13 07:00:00,1553,7.611,44.35,16.06,16.39,44.47,29.73,45.99,13.61
296,2017-04-13 08:00:00,1554,7.881,77.09,18.8,15.09,44.27,29.72,45.32,13.62
297,2017-04-13 09:00:00,1555,8.15,91.5,15.95,17.16,44.8,29.69,45.95,13.62
298,2017-04-13 10:00:00,1556,5.53,102.7,22.63,14.6,47.09,29.67,48.7,13.62
299,2017-04-13 11:00:00,1557,4.789,89.9,18.46,9.48,49.08,29.67,51.21,13.61
300,2017-04-13 12:00:00,1558,5.421,86.0,16.17,10.46,49.82,29.64,54.73,13.62
301,2017-04-13 13:00:00,1559,6.944,84.3,16.58,13.02,53.18,29.63,67.47,13.62
302,2017-04-13 14:00:00,1560,7.618,77.11,15.34,12.88,55.06,29.62,71.4,13.62
303,2017-04-13 15:00:00,1561,8.71,73.09,12.98,14.67,55.37,29.6,71.3,13.62
304,2017-04-13 16:00:00,1562,8.45,66.22,16.2,15.12,55.64,29.6,70.12,13.62
305,2017-04-13 17:00:00,1563,7.629,56.23,17.78,14.67,54.64,29.59,68.57,13.62
306,2017-04-13 18:00:00,1564,6.57,53.19,18.16,15.62,52.78,29.6,64.85,13.62
307,2017-04-13 19:00:00,1565,7.873,68.6,15.72,14.67,50.67,29.6,58.21,13.62
308,2017-04-13 20:00:00,1566,6.136,83.4,17.71,12.22,51.37,29.62,53.19,13.62
309,2017-04-13 21:00:00,1567,6.661,71.94,15.94,12.81,49.72,29.63,52.53,13.62
310,2017-04-13 22:00:00,1568,5.956,70.94,15.06,12.11,48.14,29.63,50.69,13.62
311,2017-04-13 23:00:00,1569,5.717,74.93,16.16,12.81,47.56,29.62,48.99,13.62
312,2017-04-14 00:00:00,1570,5.337,79.75,15.27,10.57,46.96,29.62,47.66,13.62
313,2017-04-14 01:00:00,1571,5.703,67.1,16.52,11.55,46.61,29.61,46.7,13.62
314,2017-04-14 02:00:00,1572,5.362,72.43,16.2,11.09,45.95,29.6,46.35,13.62
315,2017-04-14 03:00:00,1573,6.268,72.2,15.49,12.32,45.68,29.6,46.9,13.62
316,2017-04-14 04:00:00,1574,5.418,56.9,18.2,10.29,45.63,29.6,47.14,13.62
317,2017-04-14 05:00:00,1575,5.519,65.99,17.55,10.04,44.81,29.6,46.31,13.62
318,2017-04-14 06:00:00,1576,4.483,65.23,19.32,9.73,45.18,29.61,45.75,13.62
319,2017-04-14 07:00:00,1577,7.006,65.86,13.46,12.36,45.85,29.62,48.58,13.62
320,2017-04-14 08:00:00,1578,6.832,76.57,15.65,11.69,46.62,29.61,51.67,13.62
321,2017-04-14 09:00:00,1579,5.683,80.2,17.17,12.46,48.41,29.61,57.7,13.62
322,2017-04-14 10:00:00,1580,5.593,59.66,17.87,9.06,51.31,29.6,64.44,13.62
323,2017-04-14 11:00:00,1581,7.215,66.6,15.19,12.36,53.07,29.58,68.76,13.62
324,2017-04-14 12:00:00,1582,7.302,75.57,14.67,12.46,55.02,29.56,72.66,13.63
325,2017-04-14 13:00:00,1583,7.042,73.5,13.57,12.71,56.85,29.54,73.72,13.63
326,2017-04-14 14:00:00,1584,5.915,43.22,18.74,9.73,57.07,29.52,72.41,13.63
327,2017-04-14 15:00:00,1585,5.977,25.32,16.86,9.38,57.36,29.49,69.73,13.63
328,2017-04-14 16:00:00,1586,6.081,22.5,15.32,9.45,56.56,29.47,70.02,13.63
329,2017-04-14 17:00:00,1587,2.778,43.25,41.49,6.153,56.58,29.46,63.98,13.62
330,2017-04-14 18:00:00,1588,3.75,229.7,75.13,19.86,61.16,29.45,64.44,13.63
331,2017-04-14 19:00:00,1589,8.24,160.7,39.24,24.17,66.83,29.45,65.22,13.63
332,2017-04-14 20:00:00,1590,7.38,222.2,29.82,21.82,62.58,29.5,65.26,13.63
333,2017-04-14 21:00:00,1591,5.052,142.7,16.48,12.99,61.15,29.48,62.85,13.63
334,2017-04-14 22:00:00,1592,7.011,155.6,16.26,16.0,61.43,29.46,61.99,13.63
335,2017-04-14 23:00:00,1593,9.08,152.3,15.47,19.19,61.92,29.43,62.39,13.63
336,2017-04-15 00:00:00,1594,7.986,149.3,15.53,17.79,62.12,29.4,62.57,13.63
337,2017-04-15 01:00:00,1595,9.39,151.5,14.39,19.61,62.61,29.38,62.93,13.63
338,2017-04-15 02:00:00,1596,9.68,164.4,15.49,18.17,61.86,29.37,62.8,13.63
339,2017-04-15 03:00:00,1597,8.53,174.4,17.88,15.62,61.69,29.37,62.17,13.63
340,2017-04-15 04:00:00,1598,7.914,192.7,18.75,17.86,62.05,29.37,62.26,13.63
341,2017-04-15 05:00:00,1599,7.326,192.9,14.87,14.98,62.27,29.37,62.08,13.63
342,2017-04-15 06:00:00,1600,9.58,207.9,14.48,19.16,63.97,29.37,63.52,13.63
343,2017-04-15 07:00:00,1601,10.84,214.0,14.77,20.35,66.41,29.37,66.24,13.63
344,2017-04-15 08:00:00,1602,11.13,224.6,17.03,23.5,68.93,29.36,69.58,13.63
345,2017-04-15 09:00:00,1603,12.66,234.8,14.5,23.89,71.89,29.36,76.22,13.63
346,2017-04-15 10:00:00,1604,14.81,229.3,17.8,27.74,75.3,29.35,81.7,13.63
347,2017-04-15 11:00:00,1605,14.37,222.9,17.52,27.88,75.52,29.34,84.3,13.49
348,2017-04-15 12:00:00,1606,16.9,214.7,16.0,30.62,78.63,29.31,88.2,13.48
349,2017-04-15 13:00:00,1607,19.07,216.5,17.46,36.68,79.98,29.29,88.7,14.16
350,2017-04-15 14:00:00,1608,19.0,211.2,14.63,36.61,80.9,29.27,89.1,13.54
351,2017-04-15 15:00:00,1609,20.37,211.3,14.25,36.12,81.1,29.26,89.1,14.15
352,2017-04-15 16:00:00,1610,19.18,213.0,15.34,36.01,81.1,29.25,89.2,14.14
353,2017-04-15 17:00:00,1611,18.01,210.8,14.29,34.44,80.5,29.24,87.9,13.56
354,2017-04-15 18:00:00,1612,13.8,214.3,14.61,27.99,78.84,29.24,85.9,13.63
355,2017-04-15 19:00:00,1613,11.54,211.4,11.37,22.8,77.51,29.25,81.5,13.62
356,2017-04-15 20:00:00,1614,9.41,203.5,14.54,18.77,75.82,29.25,78.6,13.62
357,2017-04-15 21:00:00,1615,12.03,200.5,14.52,24.83,74.15,29.23,76.22,13.61
358,2017-04-15 22:00:00,1616,13.75,208.5,12.51,25.78,73.2,29.22,74.24,13.62
359,2017-04-15 23:00:00,1617,11.67,202.9,14.89,24.73,71.82,29.21,73.26,13.61
360,2017-04-16 00:00:00,1618,13.92,205.1,14.96,28.72,71.35,29.17,72.15,13.61
361,2017-04-16 01:00:00,1619,14.95,251.5,35.54,28.86,70.66,29.19,72.81,13.66
362,2017-04-16 02:00:00,1620,9.66,270.4,16.07,20.24,62.74,29.24,70.76,13.61
363,2017-04-16 03:00:00,1621,7.72,258.2,13.66,14.46,60.95,29.24,63.61,13.61
364,2017-04-16 04:00:00,1622,7.786,219.2,14.2,16.14,60.06,29.23,61.59,13.62
365,2017-04-16 05:00:00,1623,9.27,221.4,19.32,16.77,59.82,29.23,60.88,13.62
366,2017-04-16 06:00:00,1624,8.07,230.3,18.25,15.3,59.52,29.22,60.22,13.61
367,2017-04-16 07:00:00,1625,9.51,237.9,13.18,17.96,60.81,29.24,62.71,13.62
368,2017-04-16 08:00:00,1626,12.51,250.5,11.72,21.12,61.94,29.27,64.39,13.62
369,2017-04-16 09:00:00,1627,12.8,262.2,13.36,24.38,63.63,29.29,67.61,13.62
370,2017-04-16 10:00:00,1628,12.18,261.6,14.36,23.85,63.66,29.31,68.47,13.62
371,2017-04-16 11:00:00,1629,9.64,259.3,14.33,16.74,65.12,29.32,69.58,13.62
372,2017-04-16 12:00:00,1630,9.32,263.8,17.93,19.47,67.57,29.32,72.96,13.63
373,2017-04-16 13:00:00,1631,11.08,274.3,16.06,19.82,70.4,29.32,79.75,13.63
374,2017-04-16 14:00:00,1632,11.48,281.0,20.24,20.52,72.09,29.32,82.2,13.63
375,2017-04-16 15:00:00,1633,11.96,275.7,15.41,21.5,73.41,29.32,82.9,13.63
376,2017-04-16 16:00:00,1634,12.54,292.7,21.1,22.45,72.86,29.34,82.0,13.63
377,2017-04-16 17:00:00,1635,11.24,306.2,19.25,20.17,71.87,29.35,81.2,13.63
378,2017-04-16 18:00:00,1636,8.98,294.3,19.9,17.54,71.05,29.35,78.65,13.63
379,2017-04-16 19:00:00,1637,6.032,282.7,12.87,13.06,68.28,29.38,74.96,13.63
380,2017-04-16 20:00:00,1638,4.681,41.54,56.3,8.92,62.57,29.41,68.33,13.62
381,2017-04-16 21:00:00,1639,3.419,89.1,34.76,7.59,56.55,29.44,62.44,13.62
382,2017-04-16 22:00:00,1640,2.099,114.7,32.14,6.749,54.25,29.46,56.63,13.62
383,2017-04-16 23:00:00,1641,1.472,94.9,35.42,3.419,53.87,29.47,53.52,13.62
384,2017-04-17 00:00:00,1642,1.516,125.8,24.94,3.735,53.05,29.48,52.69,13.62
385,2017-04-17 01:00:00,1643,1.109,137.4,49.61,3.174,51.74,29.48,51.79,13.62
386,2017-04-17 02:00:00,1644,1.051,96.1,50.23,3.279,51.04,29.48,49.87,13.62
387,2017-04-17 03:00:00,1645,0.858,206.3,47.47,3.279,50.45,29.5,49.14,13.62
388,2017-04-17 04:00:00,1646,2.068,199.7,33.68,4.541,49.68,29.5,48.3,13.62
389,2017-04-17 05:00:00,1647,1.961,205.7,27.97,4.471,48.92,29.5,47.34,13.62
390,2017-04-17 06:00:00,1648,1.849,199.9,13.46,4.085,49.23,29.52,46.7,13.62
391,2017-04-17 07:00:00,1649,2.619,224.6,23.28,5.382,53.76,29.53,51.75,13.62
392,2017-04-17 08:00:00,1650,3.625,229.1,20.43,6.118,59.08,29.54,57.83,13.62
393,2017-04-17 09:00:00,1651,2.482,227.4,29.06,4.681,63,29.54,68.28,13.62
394,2017-04-17 10:00:00,1652,4.395,63.4,49.01,9.17,64.81,29.54,79.36,13.63
395,2017-04-17 11:00:00,1653,8.04,61.04,16.15,16.11,61.34,29.54,80.3,13.63
396,2017-04-17 12:00:00,1654,8.49,54.72,20.55,16.32,59.19,29.54,77.67,13.63
397,2017-04-17 13:00:00,1655,8.64,63.82,23.07,16.77,59.78,29.54,76.38,13.63
398,2017-04-17 14:00:00,1656,7.84,58.11,21.89,14.28,56.25,29.53,76.12,13.63
399,2017-04-17 15:00:00,1657,7.513,60.58,20.96,12.88,54.31,29.53,73.26,13.63
400,2017-04-17 16:00:00,1658,9.26,30.48,15.71,14.39,50.27,29.52,70.07,13.62
401,2017-04-17 17:00:00,1659,9.63,23.77,15.44,15.58,46.8,29.52,63.39,13.62
402,2017-04-17 18:00:00,1660,10.05,15.29,16.32,16.42,45.57,29.53,55.82,13.61
403,2017-04-17 19:00:00,1661,8.65,15.62,16.78,15.58,44.5,29.53,51.83,13.61
404,2017-04-17 20:00:00,1662,6.713,9.21,19.39,13.48,44.18,29.54,47.1,13.61
405,2017-04-17 21:00:00,1663,6.212,9.32,19.07,12.29,44.19,29.55,44.92,13.61
406,2017-04-17 22:00:00,1664,6.046,9.47,17.29,11.94,44.11,29.56,44.42,13.61
407,2017-04-17 23:00:00,1665,5.451,8.98,19.77,11.23,44.37,29.56,44.18,13.62
408,2017-04-18 00:00:00,1666,5.128,11.55,16.91,9.9,44.09,29.56,44.02,13.62
409,2017-04-18 01:00:00,1667,3.736,16.33,18.23,7.59,44.52,29.56,43.86,13.62
410,2017-04-18 02:00:00,1668,2.494,28.95,23.59,5.557,44.61,29.55,43.78,13.62
411,2017-04-18 03:00:00,1669,3.455,80.5,24.17,7.59,44.2,29.55,43.51,13.62
412,2017-04-18 04:00:00,1670,1.409,107.7,25.95,3.104,43.14,29.55,43.28,13.61
413,2017-04-18 05:00:00,1671,1.689,161.4,24.23,3.524,43.63,29.56,42.3,13.61
414,2017-04-18 06:00:00,1672,2.825,147.1,14.88,6.223,46.12,29.56,44.06,13.62
415,2017-04-18 07:00:00,1673,5.399,144.1,16.41,11.3,51.07,29.56,49.35,13.62
416,2017-04-18 08:00:00,1674,6.833,164.4,15.65,13.9,56.1,29.54,56.71,13.62
417,2017-04-18 09:00:00,1675,7.869,168.6,16.82,16.25,61.59,29.52,65.96,13.62
418,2017-04-18 10:00:00,1676,11.37,164.0,16.81,23.12,66.49,29.52,74.86,13.62
419,2017-04-18 11:00:00,1677,12.64,168.3,16.57,24.87,70.69,29.52,80.6,13.63
420,2017-04-18 12:00:00,1678,12.86,167.1,17.67,22.45,73.16,29.48,84.1,13.63
421,2017-04-18 13:00:00,1679,12.29,175.0,19.36,23.64,75.31,29.45,85.5,13.62
422,2017-04-18 14:00:00,1680,13.3,175.3,18.18,27.53,75.85,29.4,85.0,13.63
423,2017-04-18 15:00:00,1681,12.26,188.1,17.82,23.92,76.66,29.38,83.2,13.63
424,2017-04-18 16:00:00,1682,13.6,179.5,17.08,27.43,75.91,29.33,83.2,13.63
425,2017-04-18 17:00:00,1683,12.95,187.2,19.29,26.97,76.46,29.32,81.8,13.63
426,2017-04-18 18:00:00,1684,11.26,193.4,15.58,20.84,76.14,29.32,80.2,13.63
427,2017-04-18 19:00:00,1685,7.985,194.6,14.92,19.37,73.98,29.33,78.81,13.63
428,2017-04-18 20:00:00,1686,5.756,193.6,14.75,10.92,71.78,29.34,74.39,13.63
429,2017-04-18 21:00:00,1687,6.458,187.9,14.46,12.53,70.48,29.35,72.0,13.63
430,2017-04-18 22:00:00,1688,6.75,195.6,14.97,14.63,69.71,29.35,71.15,13.63
431,2017-04-18 23:00:00,1689,9.21,208.7,12.73,18.03,69.39,29.35,70.22,13.63
432,2017-04-19 00:00:00,1690,9.87,212.3,11.38,15.62,68.29,29.35,70.07,13.63
433,2017-04-19 01:00:00,1691,8.41,216.0,15.33,16.67,68.13,29.34,69.63,13.63
434,2017-04-19 02:00:00,1692,9.76,212.9,13.22,17.3,67.13,29.33,69.29,13.63
435,2017-04-19 03:00:00,1693,9.29,214.3,14.69,17.93,66.88,29.32,68.23,13.63
436,2017-04-19 04:00:00,1694,8.43,229.4,15.59,16.0,66.71,29.33,67.94,13.63
437,2017-04-19 05:00:00,1695,7.248,228.4,15.91,13.65,65.97,29.34,67.75,13.63
438,2017-04-19 06:00:00,1696,5.593,221.9,14.48,13.97,64.91,29.35,66.57,13.63
439,2017-04-19 07:00:00,1697,5.278,230.3,14.25,9.27,65.01,29.37,66.9,13.63
440,2017-04-19 08:00:00,1698,6.003,241.8,16.83,10.64,66.84,29.39,70.81,13.63
441,2017-04-19 09:00:00,1699,3.34,276.6,24.14,9.17,68.35,29.39,73.78,13.63
442,2017-04-19 10:00:00,1700,3.235,107.6,98.1,7.695,69.88,29.39,77.62,13.63
443,2017-04-19 11:00:00,1701,8.84,32.42,17.5,20.7,63.64,29.41,77.56,13.63
444,2017-04-19 12:00:00,1702,8.49,25.75,18.28,15.41,53.87,29.46,69.1,13.61
445,2017-04-19 13:00:00,1703,9.57,42.8,20.82,20.31,52.41,29.45,59.82,13.61
446,2017-04-19 14:00:00,1704,8.49,69.44,16.96,14.81,51.24,29.45,60.35,13.62
447,2017-04-19 15:00:00,1705,7.703,31.93,20.68,13.69,49.26,29.46,60.04,13.61
448,2017-04-19 16:00:00,1706,9.01,29.72,19.11,15.58,47.41,29.45,54.1,13.61
449,2017-04-19 17:00:00,1707,8.94,26.07,15.43,15.65,47.36,29.46,52.98,13.62
450,2017-04-19 18:00:00,1708,10.12,23.13,15.22,18.49,46.41,29.46,52.49,13.62
451,2017-04-19 19:00:00,1709,10.41,21.03,15.54,18.73,45.2,29.47,50.4,13.62
452,2017-04-19 20:00:00,1710,10.41,30.2,16.12,18.21,44.67,29.47,48.3,13.61
453,2017-04-19 21:00:00,1711,8.11,58.81,18.83,14.25,43.87,29.44,46.43,13.62
454,2017-04-19 22:00:00,1712,7.629,82.1,17.79,15.02,44.36,29.39,45.4,13.62
455,2017-04-19 23:00:00,1713,4.742,82.7,20.59,11.16,45.95,29.36,47.1,13.62
456,2017-04-20 00:00:00,1714,2.069,94.5,52.55,6.153,47.41,29.34,49.43,13.62
457,2017-04-20 01:00:00,1715,5.083,149.2,23.61,11.73,51.15,29.31,52.28,13.62
458,2017-04-20 02:00:00,1716,5.191,175.8,28.74,10.99,54.19,29.27,54.6,13.62
459,2017-04-20 03:00:00,1717,7.825,192.9,16.4,16.39,60.96,29.24,60.09,13.62
460,2017-04-20 04:00:00,1718,7.168,329.1,79.51,15.69,61.3,29.25,62.3,13.62
461,2017-04-20 05:00:00,1719,6.439,20.63,22.79,16.42,51.73,29.25,61.32,13.62
462,2017-04-20 06:00:00,1720,4.9,69.72,23.74,9.8,49.88,29.23,55.19,13.62
463,2017-04-20 07:00:00,1721,3.305,83.5,37.03,10.53,51.72,29.21,55.15,13.62
464,2017-04-20 08:00:00,1722,2.59,224.6,88.4,19.09,58,29.2,63.21,13.62
465,2017-04-20 09:00:00,1723,12.06,229.5,16.97,25.11,72.72,29.18,75.44,13.62
466,2017-04-20 10:00:00,1724,16.18,247.4,14.29,32.02,74.77,29.18,79.03,13.52
467,2017-04-20 11:00:00,1725,16.29,241.2,13.89,29.88,72.98,29.18,78.65,13.1
468,2017-04-20 12:00:00,1726,14.48,250.3,15.68,29.88,69.93,29.17,77.99,13.65
469,2017-04-20 13:00:00,1727,18.55,264.4,14.78,31.7,69.74,29.16,80.9,13.49
470,2017-04-20 14:00:00,1728,17.34,259.0,14.89,29.28,68.12,29.19,79.2,14.3
471,2017-04-20 15:00:00,1729,16.33,265.6,15.85,28.62,67.71,29.17,79.03,14.35
472,2017-04-20 16:00:00,1730,16.22,264.4,18.64,28.55,66.03,29.18,77.99,13.49
473,2017-04-20 17:00:00,1731,17.01,275.7,13.9,29.28,63.01,29.21,75.38,13.49
474,2017-04-20 18:00:00,1732,15.64,279.4,15.73,29.07,60.45,29.24,71.55,13.49
475,2017-04-20 19:00:00,1733,13.07,286.3,15.42,23.12,58.31,29.26,66.9,14.32
476,2017-04-20 20:00:00,1734,14.0,288.1,14.95,28.58,57.48,29.28,61.95,14.32
477,2017-04-20 21:00:00,1735,14.71,283.6,13.51,27.71,55.78,29.31,60.17,14.33
478,2017-04-20 22:00:00,1736,13.37,296.3,18.54,25.11,54.69,29.32,58.95,14.33
479,2017-04-20 23:00:00,1737,11.82,281.4,12.52,24.45,53.98,29.33,57.78,13.62
480,2017-04-21 00:00:00,1738,14.96,287.5,13.22,27.57,51.92,29.34,57.01,13.62
481,2017-04-21 01:00:00,1739,12.12,293.7,16.87,22.98,51.64,29.34,54.98,14.38
482,2017-04-21 02:00:00,1740,11.13,279.9,13.78,20.52,51.46,29.33,54.44,13.62
483,2017-04-21 03:00:00,1741,12.0,285.1,13.95,23.15,50.83,29.33,54.19,13.61
484,2017-04-21 04:00:00,1742,11.11,300.6,15.01,20.8,49.64,29.34,53.23,13.61
485,2017-04-21 05:00:00,1743,8.33,301.3,14.01,18.45,48.13,29.35,51.34,13.6
486,2017-04-21 06:00:00,1744,9.29,315.2,16.4,16.0,47.55,29.38,48.34,13.6
487,2017-04-21 07:00:00,1745,8.92,332.0,23.13,19.23,NAN,29.41,48.46,13.41
488,2017-04-21 08:00:00,1746,14.66,5.213,24.06,91.6,45.48,29.42,48.74,13.6
489,2017-04-21 09:00:00,1747,10.41,7.281,22.44,17.89,45.11,29.45,52.24,13.62
490,2017-04-21 10:00:00,1748,11.31,10.89,22.99,20.59,46.26,29.47,55.95,13.62
491,2017-04-21 11:00:00,1749,12.17,21.18,19.5,21.54,46.93,29.48,57.1,13.61
492,2017-04-21 12:00:00,1750,11.55,25.54,18.1,20.24,46.58,29.48,57.66,13.61
493,2017-04-21 13:00:00,1751,12.1,38.73,17.54,21.75,45.95,29.49,55.99,13.61
494,2017-04-21 14:00:00,1752,13.2,32.14,15.95,22.76,45.05,29.51,54.39,13.61
495,2017-04-21 15:00:00,1753,13.07,26.58,16.22,21.01,45.21,29.5,53.77,13.61
496,2017-04-21 16:00:00,1754,10.74,19.06,17.41,20.45,46.33,29.48,53.77,13.61
497,2017-04-21 17:00:00,1755,8.41,25.68,20.12,15.09,46.69,29.48,53.85,13.61
498,2017-04-21 18:00:00,1756,6.66,31.36,18.37,14.39,46.32,29.48,52.78,13.62
499,2017-04-21 19:00:00,1757,7.655,25.83,17.96,14.98,46.41,29.49,49.99,13.61
500,2017-04-21 20:00:00,1758,7.759,27.08,16.12,14.81,46.19,29.51,47.46,13.61
501,2017-04-21 21:00:00,1759,7.793,29.35,15.57,15.65,45.88,29.51,46.7,13.61
502,2017-04-21 22:00:00,1760,9.41,30.94,13.57,16.11,45.46,29.5,46.27,13.61
503,2017-04-21 23:00:00,1761,8.87,32.59,14.9,16.7,45.17,29.5,45.56,13.61
504,2017-04-22 00:00:00,1762,8.71,26.12,14.56,16.32,44.74,29.51,45.2,13.61
505,2017-04-22 01:00:00,1763,9.06,29.6,14.02,16.53,44.31,29.51,44.61,13.61
506,2017-04-22 02:00:00,1764,9.94,30.53,13.23,18.14,43.97,29.5,44.26,13.61
507,2017-04-22 03:00:00,1765,9.99,34.55,14.2,20.0,43.82,29.49,44.1,13.61
508,2017-04-22 04:00:00,1766,7.714,44.29,15.29,14.63,43.82,29.51,43.71,13.61
509,2017-04-22 05:00:00,1767,9.01,45.15,16.6,17.47,43.82,29.51,43.71,13.61
510,2017-04-22 06:00:00,1768,8.28,46.89,16.94,17.79,44.08,29.53,44.49,13.61
511,2017-04-22 07:00:00,1769,7.664,44.89,17.56,13.69,44.67,29.56,45.95,13.61
512,2017-04-22 08:00:00,1770,10.63,34.48,12.99,17.51,44.9,29.57,47.54,13.61
513,2017-04-22 09:00:00,1771,11.46,30.7,13.16,19.12,45.54,29.57,51.34,13.61
514,2017-04-22 10:00:00,1772,10.58,31.97,15.21,17.86,47.14,29.57,57.87,13.61
515,2017-04-22 11:00:00,1773,11.37,23.15,16.81,18.42,47.06,29.58,60.53,13.61
516,2017-04-22 12:00:00,1774,11.61,27.11,18.42,18.94,47.6,29.58,61.5,13.62
517,2017-04-22 13:00:00,1775,12.69,14.46,19.92,22.98,47.63,29.56,61.59,13.62
518,2017-04-22 14:00:00,1776,10.35,3.164,24.03,18.45,48.51,29.55,62.17,13.62
519,2017-04-22 15:00:00,1777,10.42,10.77,19.19,17.68,49.68,29.53,62.53,13.62
520,2017-04-22 16:00:00,1778,9.14,5.366,22.27,18.8,49.71,29.53,62.21,13.62
521,2017-04-22 17:00:00,1779,9.8,8.66,20.4,18.24,50.3,29.53,60.61,13.62
522,2017-04-22 18:00:00,1780,8.19,7.004,20.7,15.37,50.74,29.52,59.87,13.62
523,2017-04-22 19:00:00,1781,6.324,15.53,16.2,12.64,49.81,29.52,57.87,13.61
524,2017-04-22 20:00:00,1782,4.831,16.99,18.37,9.13,48.84,29.52,51.38,13.62
525,2017-04-22 21:00:00,1783,3.752,41.13,18.76,7.625,48.19,29.52,48.22,13.61
526,2017-04-22 22:00:00,1784,2.756,37.36,15.83,5.382,47.02,29.53,46.35,13.61
527,2017-04-22 23:00:00,1785,2.634,63.65,25.89,4.996,46.12,29.53,44.77,13.61
528,2017-04-23 00:00:00,1786,1.389,111.4,24.29,3.069,44.33,29.52,43.43,13.61
529,2017-04-23 01:00:00,1787,1.195,77.03,51.59,2.578,44,29.51,41.79,13.61
530,2017-04-23 02:00:00,1788,0.769,268.3,87.1,1.632,43.5,29.49,40.75,13.61
531,2017-04-23 03:00:00,1789,1.628,284.6,22.18,3.559,42.3,29.49,40.2,13.61
532,2017-04-23 04:00:00,1790,1.707,280.4,13.65,2.718,41.96,29.49,39.55,13.61
533,2017-04-23 05:00:00,1791,1.713,289.7,16.54,3.209,41.47,29.5,39.04,13.6
534,2017-04-23 06:00:00,1792,1.766,215.4,41.18,3.84,42.25,29.51,39.51,13.6
535,2017-04-23 07:00:00,1793,1.881,245.1,38.13,3.77,46.23,29.51,43.39,13.61
536,2017-04-23 08:00:00,1794,2.218,268.7,31.55,4.4,51.67,29.52,48.86,13.61
537,2017-04-23 09:00:00,1795,2.424,331.3,71.39,6.398,56.78,29.5,61.72,13.61
538,2017-04-23 10:00:00,1796,5.409,79.78,16.0,8.08,59.54,29.49,75.28,13.61
539,2017-04-23 11:00:00,1797,5.677,75.85,17.22,8.47,60.15,29.48,78.98,13.63
540,2017-04-23 12:00:00,1798,6.194,81.0,13.93,9.31,60.79,29.47,82.1,13.63
541,2017-04-23 13:00:00,1799,6.243,70.52,17.01,9.94,61.58,29.45,82.2,13.63
542,2017-04-23 14:00:00,1800,6.849,77.72,15.37,11.09,62.79,29.43,82.2,13.63
543,2017-04-23 15:00:00,1801,7.563,83.1,13.82,10.95,64.11,29.42,81.0,13.63
544,2017-04-23 16:00:00,1802,6.761,91.1,15.56,11.34,65.3,29.41,80.5,13.63
545,2017-04-23 17:00:00,1803,6.742,90.1,14.86,11.55,65.13,29.42,79.2,13.63
546,2017-04-23 18:00:00,1804,5.528,90.8,15.52,10.64,63.68,29.41,76.76,13.61
547,2017-04-23 19:00:00,1805,3.153,94.8,16.58,6.363,59.87,29.41,72.41,13.62
548,2017-04-23 20:00:00,1806,1.627,70.86,23.5,3.384,57.87,29.42,62.08,13.62
549,2017-04-23 21:00:00,1807,4.241,34.43,20.82,12.39,55.29,29.42,56.42,13.61
550,2017-04-23 22:00:00,1808,7.6,21.23,15.17,12.43,47.62,29.41,54.06,13.61
551,2017-04-23 23:00:00,1809,7.401,26.08,16.18,13.16,46.3,29.41,49.27,13.61
552,2017-04-24 00:00:00,1810,5.983,18.18,15.93,13.02,44.96,29.41,46.55,13.61
553,2017-04-24 01:00:00,1811,5.1,18.34,18.45,10.39,44.02,29.4,44.65,13.61
554,2017-04-24 02:00:00,1812,4.395,23.68,19.4,10.95,43.82,29.38,43.59,13.61
555,2017-04-24 03:00:00,1813,3.796,42.79,24.24,6.994,43.63,29.38,42.92,13.61
556,2017-04-24 04:00:00,1814,4.358,26.1,18.33,8.5,43.33,29.38,42.61,13.61
557,2017-04-24 05:00:00,1815,3.886,39.2,21.77,7.975,43.11,29.38,42.5,13.61
558,2017-04-24 06:00:00,1816,2.29,38.32,23.24,4.646,44.18,29.39,42.92,13.6
559,2017-04-24 07:00:00,1817,4.233,34.52,16.39,7.169,46.74,29.4,45.95,13.6
560,2017-04-24 08:00:00,1818,4.681,48.83,26.11,7.309,48.51,29.4,48.42,13.61
561,2017-04-24 09:00:00,1819,4.687,56.48,25.27,8.78,51.15,29.4,57.83,13.61
562,2017-04-24 10:00:00,1820,5.033,48.06,22.6,7.765,52.82,29.38,68.71,13.61
563,2017-04-24 11:00:00,1821,5.456,46.57,23.0,9.27,56.51,29.36,73.37,13.62
564,2017-04-24 12:00:00,1822,6.604,48.87,17.86,11.55,58.66,29.33,75.59,13.62
565,2017-04-24 13:00:00,1823,7.303,43.64,18.74,12.74,61.81,29.3,77.18,13.63
566,2017-04-24 14:00:00,1824,8.08,39.85,16.71,13.23,63.29,29.27,77.78,13.63
567,2017-04-24 15:00:00,1825,7.659,61.64,19.14,13.27,62.84,29.23,77.62,13.63
568,2017-04-24 16:00:00,1826,8.02,39.57,19.91,13.62,61.89,29.21,76.76,13.63
569,2017-04-24 17:00:00,1827,6.963,38.23,16.24,14.98,59.22,29.19,72.81,13.63
570,2017-04-24 18:00:00,1828,5.878,34.19,29.82,12.01,58.47,29.18,67.8,13.62
571,2017-04-24 19:00:00,1829,4.514,46.5,18.43,8.82,56.75,29.16,63.16,13.62
572,2017-04-24 20:00:00,1830,4.269,87.9,15.25,8.61,55.33,29.15,57.87,13.61
573,2017-04-24 21:00:00,1831,3.146,99.8,20.35,11.66,56.42,29.14,54.44,13.61
574,2017-04-24 22:00:00,1832,4.525,114.8,27.1,13.44,62.91,29.13,57.87,13.62
575,2017-04-24 23:00:00,1833,4.89,116.8,25.01,16.46,62.06,29.13,58.73,13.62
576,2017-04-25 00:00:00,1834,7.895,130.4,18.74,18.38,61.78,29.13,59.73,13.62
577,2017-04-25 01:00:00,1835,8.42,143.7,16.97,19.09,60.3,29.11,59.65,13.62
578,2017-04-25 02:00:00,1836,7.725,150.1,15.44,14.91,59.23,29.1,59.21,13.62
579,2017-04-25 03:00:00,1837,6.754,154.5,15.64,15.02,58.78,29.1,58.3,13.62
580,2017-04-25 04:00:00,1838,6.873,152.1,15.57,13.9,58.06,29.1,57.61,13.62
581,2017-04-25 05:00:00,1839,8.08,157.9,15.23,16.32,57.2,29.09,56.88,13.62
582,2017-04-25 06:00:00,1840,8.85,158.9,15.24,17.26,57.28,29.09,57.1,13.62
583,2017-04-25 07:00:00,1841,9.59,165.7,14.44,18.7,59.13,29.09,59.56,13.62
584,2017-04-25 08:00:00,1842,9.49,178.1,16.98,18.21,61.02,29.09,62.3,13.62
585,2017-04-25 09:00:00,1843,9.49,164.7,17.19,16.46,64.75,29.08,70.02,13.62
586,2017-04-25 10:00:00,1844,8.87,173.9,19.34,16.56,69.02,29.07,79.97,13.63
587,2017-04-25 11:00:00,1845,8.71,172.9,21.86,16.32,71.93,29.06,82.9,13.63
588,2017-04-25 12:00:00,1846,10.32,166.5,18.86,20.59,74.94,29.04,87.3,13.63
589,2017-04-25 13:00:00,1847,10.46,166.3,21.52,22.66,76.94,29.02,87.8,13.63
590,2017-04-25 14:00:00,1848,10.91,169.0,22.51,25.11,78.42,28.99,87.0,13.64
591,2017-04-25 15:00:00,1849,11.02,162.5,19.37,22.06,78.52,28.97,87.2,13.64
592,2017-04-25 16:00:00,1850,11.73,160.9,18.42,24.76,79.65,28.93,87.1,13.64
593,2017-04-25 17:00:00,1851,11.45,150.7,16.34,23.4,79.34,28.91,86.0,13.64
594,2017-04-25 18:00:00,1852,10.44,150.7,17.14,22.66,77.98,28.91,84.5,13.63
595,2017-04-25 19:00:00,1853,8.59,147.7,15.92,20.59,76.07,28.92,81.8,13.63
596,2017-04-25 20:00:00,1854,7.592,145.7,21.43,17.23,74.4,28.92,76.86,13.63
597,2017-04-25 21:00:00,1855,6.721,158.2,15.69,13.65,73.15,28.95,74.6,13.63
598,2017-04-25 22:00:00,1856,5.224,163.4,14.05,11.55,71.71,28.95,73.37,13.63
599,2017-04-25 23:00:00,1857,5.412,157.3,14.12,11.2,69.7,28.95,71.3,13.63
600,2017-04-26 00:00:00,1858,6.776,161.2,13.79,12.99,68.21,28.93,69.49,13.63
601,2017-04-26 01:00:00,1859,6.497,156.3,15.1,14.11,67.24,28.91,68.76,13.63
602,2017-04-26 02:00:00,1860,8.51,164.1,14.1,17.44,67.16,28.89,67.75,13.63
603,2017-04-26 03:00:00,1861,9.31,166.1,14.31,20.28,66.79,28.88,67.28,13.63
604,2017-04-26 04:00:00,1862,9.35,163.2,15.57,19.68,66.2,28.87,66.71,13.63
605,2017-04-26 05:00:00,1863,9.68,163.8,14.7,19.33,65.89,28.86,66.53,13.63
606,2017-04-26 06:00:00,1864,9.78,166.6,14.81,17.33,65.81,28.86,66.15,13.63
607,2017-04-26 07:00:00,1865,10.97,170.7,18.53,25.01,65.95,28.87,67.71,13.63
608,2017-04-26 08:00:00,1866,11.57,173.9,16.16,21.19,67.02,28.84,70.07,13.63
609,2017-04-26 09:00:00,1867,11.45,176.5,18.32,23.26,70.42,28.8,76.01,13.63
610,2017-04-26 10:00:00,1868,13.5,184.8,21.57,27.11,74.33,28.79,83.1,13.63
611,2017-04-26 11:00:00,1869,14.67,211.9,13.81,28.06,74.78,28.82,82.0,13.48
612,2017-04-26 12:00:00,1870,15.81,233.1,17.52,30.19,76.45,28.82,85.4,13.64
613,2017-04-26 13:00:00,1871,15.1,229.6,19.52,26.09,76.89,28.84,87.9,13.48
614,2017-04-26 14:00:00,1872,13.82,224.9,17.38,26.13,77.19,28.85,88.1,13.64
615,2017-04-26 15:00:00,1873,13.63,227.9,17.16,26.2,76.88,28.85,86.5,13.63
616,2017-04-26 16:00:00,1874,12.93,219.3,17.73,26.3,77.2,28.84,86.2,13.63
617,2017-04-26 17:00:00,1875,10.72,218.9,16.01,22.03,76.09,28.84,82.4,13.63
618,2017-04-26 18:00:00,1876,10.6,218.6,16.74,22.17,75.64,28.83,79.64,13.63
619,2017-04-26 19:00:00,1877,7.646,247.7,23.77,15.93,72.85,28.81,78.43,13.63
620,2017-04-26 20:00:00,1878,6.769,277.1,11.52,11.51,68.99,28.82,74.29,13.62
621,2017-04-26 21:00:00,1879,4.437,225.7,39.45,10.78,65.18,28.85,69.88,13.62
622,2017-04-26 22:00:00,1880,2.708,110.9,30.58,5.732,62.95,28.83,65.59,13.62
623,2017-04-26 23:00:00,1881,4.425,170.2,22.2,10.15,62.63,28.83,64.16,13.62
624,2017-04-27 00:00:00,1882,6.211,173.8,14.72,13.9,61.09,28.81,63.48,13.62
625,2017-04-27 01:00:00,1883,6.15,159.8,16.76,12.22,60.35,28.78,61.95,13.62
626,2017-04-27 02:00:00,1884,8.07,174.9,19.7,16.88,60.91,28.75,61.54,13.62
627,2017-04-27 03:00:00,1885,10.61,174.3,16.49,23.15,61.02,28.72,61.5,13.62
628,2017-04-27 04:00:00,1886,10.27,183.8,16.29,23.26,60.01,28.7,60.84,13.62
629,2017-04-27 05:00:00,1887,12.35,183.3,15.86,24.2,59.9,28.68,60.39,13.62
630,2017-04-27 06:00:00,1888,15.33,188.3,24.9,34.79,58.78,28.68,59.65,13.62
631,2017-04-27 07:00:00,1889,17.04,242.4,15.37,32.16,50.88,28.76,59.12,13.48
632,2017-04-27 08:00:00,1890,17.79,246.7,14.72,35.28,47.81,28.84,54.69,13.49
633,2017-04-27 09:00:00,1891,17.43,250.3,14.17,31.18,47.28,28.88,52.9,13.48
634,2017-04-27 10:00:00,1892,16.22,244.0,16.82,33.14,47.75,28.92,54.31,13.68
635,2017-04-27 11:00:00,1893,17.04,242.0,16.63,29.49,47.93,28.95,54.65,13.48
636,2017-04-27 12:00:00,1894,16.79,256.4,14.14,30.09,46.4,28.98,54.48,13.48
637,2017-04-27 13:00:00,1895,13.36,241.6,20.81,26.97,46.32,29.01,52.69,13.62
638,2017-04-27 14:00:00,1896,14.11,236.9,17.67,25.36,46.51,29.04,52.32,13.61
639,2017-04-27 15:00:00,1897,13.03,240.4,15.9,21.92,47.51,29.07,51.75,13.93
640,2017-04-27 16:00:00,1898,14.31,250.9,14.33,22.87,47.88,29.08,52.53,14.44
641,2017-04-27 17:00:00,1899,14.23,251.0,13.42,26.41,48.04,29.1,52.78,13.48
642,2017-04-27 18:00:00,1900,11.16,256.9,14.14,20.38,48.12,29.11,52.44,13.62
643,2017-04-27 19:00:00,1901,12.57,248.3,15.11,21.75,47.46,29.14,51.5,13.61
644,2017-04-27 20:00:00,1902,11.65,255.3,13.66,24.17,46.56,29.18,50.08,13.61
645,2017-04-27 21:00:00,1903,10.27,246.7,13.75,19.72,46.57,29.2,48.99,13.61
646,2017-04-27 22:00:00,1904,7.447,224.0,17.33,15.3,46.45,29.23,48.06,13.6
647,2017-04-27 23:00:00,1905,4.121,238.1,20.2,9.41,45.38,29.24,46.11,13.6
648,2017-04-28 00:00:00,1906,2.731,237.7,24.53,6.223,44.28,29.25,44.57,13.6
649,2017-04-28 01:00:00,1907,1.886,232.8,24.23,3.559,43.67,29.25,43.24,13.6
650,2017-04-28 02:00:00,1908,1.999,253.1,22.94,5.312,43.74,29.25,42.45,13.6
651,2017-04-28 03:00:00,1909,2.608,288.1,60.87,5.171,43.97,29.25,43.35,13.61
652,2017-04-28 04:00:00,1910,2.677,342.5,35.75,5.697,44.22,29.23,44.85,13.61
653,2017-04-28 05:00:00,1911,3.181,311.0,40.85,5.978,45.21,29.27,45.44,13.61
654,2017-04-28 06:00:00,1912,2.898,231.1,35.32,4.926,44.99,29.3,46.15,13.61
655,2017-04-28 07:00:00,1913,1.952,348.2,87.1,6.959,46.84,29.31,47.5,13.62
656,2017-04-28 08:00:00,1914,5.266,77.8,22.12,11.2,48.48,29.32,52.07,13.62
657,2017-04-28 09:00:00,1915,6.145,60.54,21.24,11.69,48.67,29.3,55.4,13.61
658,2017-04-28 10:00:00,1916,4.686,75.75,20.11,9.2,49.16,29.33,57.53,13.61
659,2017-04-28 11:00:00,1917,5.548,73.02,19.23,9.62,50.22,29.32,60.17,13.62
660,2017-04-28 12:00:00,1918,5.92,77.09,18.67,10.78,50.27,29.32,59.43,13.62
661,2017-04-28 13:00:00,1919,5.807,37.84,24.58,11.66,50.06,29.29,57.49,13.61
662,2017-04-28 14:00:00,1920,5.48,29.61,24.69,10.32,51.3,29.28,58.82,13.62
663,2017-04-28 15:00:00,1921,5.457,50.15,23.56,10.57,51.34,29.25,59.21,13.62
664,2017-04-28 16:00:00,1922,7.414,38.61,20.36,13.06,50.71,29.22,61.01,13.62
665,2017-04-28 17:00:00,1923,6.428,40.95,24.67,10.39,51.06,29.25,59.12,13.62
666,2017-04-28 18:00:00,1924,5.463,56.7,20.73,10.11,49.45,29.25,58.91,13.62
667,2017-04-28 19:00:00,1925,6.419,35.26,17.95,11.55,47.82,29.26,54.39,13.62
668,2017-04-28 20:00:00,1926,6.625,18.89,16.38,12.18,47.29,29.29,50.52,13.62
669,2017-04-28 21:00:00,1927,6.822,17.79,16.51,13.34,47.31,29.32,49.47,13.62
670,2017-04-28 22:00:00,1928,8.13,16.32,18.0,16.25,47.72,29.34,49.35,13.62
671,2017-04-28 23:00:00,1929,9.85,18.57,20.14,21.15,47.29,29.37,49.43,13.62
672,2017-04-29 00:00:00,1930,13.11,19.88,18.46,23.75,46.14,29.37,49.19,13.62
673,2017-04-29 01:00:00,1931,11.65,35.53,15.04,23.29,45.85,29.39,48.22,13.61
674,2017-04-29 02:00:00,1932,11.02,22.66,18.29,27.04,45.91,29.4,47.66,13.62
675,2017-04-29 03:00:00,1933,12.81,22.39,17.63,27.6,45.82,29.39,47.46,13.62
676,2017-04-29 04:00:00,1934,13.94,27.0,17.56,26.9,46.22,29.42,47.74,13.62
677,2017-04-29 05:00:00,1935,10.62,26.27,17.35,20.42,45.22,29.47,47.66,13.62
678,2017-04-29 06:00:00,1936,11.62,20.21,17.78,24.24,45.18,29.51,46.99,13.61
679,2017-04-29 07:00:00,1937,13.48,22.29,18.12,26.34,45.25,29.5,47.5,13.61
680,2017-04-29 08:00:00,1938,13.87,22.92,18.49,27.53,45.28,29.5,47.98,13.61
681,2017-04-29 09:00:00,1939,16.69,24.05,18.05,29.56,44.14,29.5,48.62,13.62
682,2017-04-29 10:00:00,1940,15.78,26.51,18.66,26.97,43.59,29.52,49.14,13.48
683,2017-04-29 11:00:00,1941,15.58,34.34,15.99,29.63,43.5,29.55,48.54,13.48
684,2017-04-29 12:00:00,1942,13.06,22.57,17.94,23.71,43.2,29.55,47.9,14.47
685,2017-04-29 13:00:00,1943,15.19,18.82,19.12,30.69,41.74,29.51,45.64,14.48
686,2017-04-29 14:00:00,1944,16.39,22.44,18.92,32.16,40.67,29.5,44.49,13.48
687,2017-04-29 15:00:00,1945,14.92,30.27,15.69,28.27,40.67,29.49,43.63,14.46
688,2017-04-29 16:00:00,1946,15.24,29.89,15.76,27.85,40.81,29.47,43.83,13.49
689,2017-04-29 17:00:00,1947,15.05,23.68,17.65,28.37,41.41,29.46,44.02,13.48
690,2017-04-29 18:00:00,1948,16.71,21.07,18.58,31.95,41.45,29.46,44.26,14.43
691,2017-04-29 19:00:00,1949,18.19,27.54,16.5,35.38,42.12,29.43,45.0,14.41
692,2017-04-29 20:00:00,1950,20.53,40.89,16.31,40.43,44.07,29.35,46.43,14.4
693,2017-04-29 21:00:00,1951,17.53,48.34,16.58,38.19,44.81,29.32,47.02,14.07
694,2017-04-29 22:00:00,1952,11.47,47.59,16.26,23.4,45.45,29.37,47.14,13.62
695,2017-04-29 23:00:00,1953,10.25,51.15,16.42,19.82,45.88,29.33,47.34,13.61
696,2017-04-30 00:00:00,1954,10.74,65.81,18.73,23.01,45.67,29.3,47.18,13.61
697,2017-04-30 01:00:00,1955,7.95,47.3,19.17,22.38,45.39,29.31,47.02,13.61
698,2017-04-30 02:00:00,1956,8.38,43.71,15.91,15.48,45.02,29.29,46.75,13.6
699,2017-04-30 03:00:00,1957,9.59,39.91,16.52,20.42,43.83,29.29,46.27,13.61
700,2017-04-30 04:00:00,1958,8.78,49.53,15.99,17.75,43.82,29.28,45.36,13.61
701,2017-04-30 05:00:00,1959,7.384,44.27,16.18,15.3,44.52,29.27,45.52,13.61
702,2017-04-30 06:00:00,1960,7.388,34.99,14.22,14.81,44.54,29.28,45.71,13.61
703,2017-04-30 07:00:00,1961,8.7,43.84,15.41,17.79,44.54,29.24,45.83,13.61
704,2017-04-30 08:00:00,1962,10.86,65.24,17.38,21.12,45.03,29.19,46.51,13.61
705,2017-04-30 09:00:00,1963,9.68,75.73,17.36,23.01,46.05,29.14,47.98,13.61
706,2017-04-30 10:00:00,1964,5.22,35.37,40.61,11.87,46.95,29.16,49.35,13.62
707,2017-04-30 11:00:00,1965,5.899,341.6,18.89,10.88,46.29,29.19,49.35,13.62
708,2017-04-30 12:00:00,1966,9.12,350.7,22.57,20.87,45.52,29.17,49.43,13.62
709,2017-04-30 13:00:00,1967,9.25,3.445,22.47,19.93,44.6,29.18,49.35,13.62
710,2017-04-30 14:00:00,1968,8.92,18.64,18.02,16.67,44.06,29.2,48.78,13.62
711,2017-04-30 15:00:00,1969,8.97,15.92,19.91,17.58,43.93,29.16,48.26,13.62
712,2017-04-30 16:00:00,1970,8.5,26.1,15.18,14.81,43.79,29.14,47.9,13.61
713,2017-04-30 17:00:00,1971,8.39,30.03,14.56,15.26,43.81,29.13,46.82,13.61
714,2017-04-30 18:00:00,1972,7.65,38.59,15.15,14.25,44.03,29.09,46.03,13.61
715,2017-04-30 19:00:00,1973,6.299,34.7,33.99,12.36,44.75,29.07,46.23,13.62
716,2017-04-30 20:00:00,1974,6.496,47.1,36.87,13.72,45.62,29.03,46.99,13.62
717,2017-04-30 21:00:00,1975,5.793,37.52,17.3,11.55,46.76,29.0,48.02,13.62
718,2017-04-30 22:00:00,1976,5.446,45.98,18.36,10.39,46.92,28.94,48.54,13.62
719,2017-04-30 23:00:00,1977,4.404,86.7,65.12,13.16,48.44,28.9,50.08,13.62
